Gen,,,,,,,,,,,,,,,,
Number of Bus,Name of Bus,Sub Name of Bus,Area Name of Bus,ID,Status,Gen MW,Gen Mvar,Set Volt,AGC,AVR,Min MW,Max MW,Min Mvar,Max Mvar,Cost Model,Part. Factor
10318,SJUAN_G1,San Juan 345,NEW MEXICO,1,Closed,360,52.48,1.029,YES,YES,0,373,-140,184,None,373
10319,SJUAN_G2,San Juan 345,NEW MEXICO,1,Closed,350,52.48,1.029,YES,YES,0,373,-158,191,None,373
10320,SJUAN_G3,San Juan 345,NEW MEXICO,1,Closed,544,78.72,1.029,YES,YES,0,544,-209.88,279.56,None,544
10321,SJUAN_G4,San Juan 345,NEW MEXICO,1,Closed,415.53,78.72,1.029,YES,YES,0,544,-259.65,354.92,None,544
14903,CHOLLA4,Cholla,ARIZONA,1,Closed,412,30.86,1,YES,YES,0,414,-150,200,None,414
14914,FCNGN4CC,Four Corners (AZPS),ARIZONA,H,Closed,424,-14.46,1.014,YES,YES,0,434.7,-160,210,None,434.7
14914,FCNGN4CC,Four Corners (AZPS),ARIZONA,L,Closed,374,-14.46,1.014,YES,YES,0,383.4,-150,190,None,383.4
14915,FCNGN5CC,Four Corners (AZPS),ARIZONA,H,Closed,424,18.19,1.007,YES,YES,0,434.7,-160,210,None,434.7
14915,FCNGN5CC,Four Corners (AZPS),ARIZONA,L,Closed,374,18.19,1.007,YES,YES,0,383.4,-150,190,None,383.4
14931,PALOVRD1,Palo Verde,ARIZONA,1,Closed,1376,367.46,1.06,YES,YES,0,1376,-310,560,None,1376
14932,PALOVRD2,Palo Verde,ARIZONA,1,Closed,1379,367.46,1.06,YES,YES,0,1379,-310,560,None,1379
14933,PALOVRD3,Palo Verde,ARIZONA,1,Closed,1377,367.46,1.06,YES,YES,0,1377,-310,560,None,1377
15166,MES-ST1,Mesquite Power,ARIZONA,1,Closed,250,3.74,1,YES,YES,0,321,-100,200,None,321
15169,MES-ST2,Mesquite Power,ARIZONA,1,Closed,250,3.74,1,YES,YES,0,321,-100,200,None,321
15971,CORONAD1,Coronado,ARIZONA,1,Closed,419,-27.09,0.92,YES,YES,0,429,-50,190,None,429
15972,CORONAD2,Coronado,ARIZONA,1,Closed,421,-28.86,0.92,YES,YES,0,421,-50,190,None,421
15981,NAVAJO 1,Navajo (SRP),ARIZONA,1,Closed,804.99,28.88,0.982,YES,YES,0,805,-140,350,None,805
15982,NAVAJO 2,Navajo (SRP),ARIZONA,1,Closed,804,28.68,0.982,YES,YES,0,805,-140,350,None,805
15983,NAVAJO 3,Navajo (SRP),ARIZONA,1,Closed,804.99,29.44,0.982,YES,YES,0,805,-140,350,None,805
16500,SPR GEN1,Springerville,ARIZONA,1,Closed,169,61.96,0.997,YES,YES,100,420,-120,215,None,420
16501,SPR GEN2,Springerville,ARIZONA,1,Closed,419,74.2,0.997,YES,YES,100,420,-120,215,None,420
16519,SPR GEN4,Springerville,ARIZONA,1,Closed,400,69.61,1.038,YES,YES,100,430,-150,200,None,430
18407,HIGGINS3,Arden,NEVADA,1,Closed,109,58.29,1,YES,YES,0,330,-165,260,None,330
22981,TDM STG,Imperial Valley (Drew),SANDIEGO,1,Closed,130,4.93,1.014,YES,YES,0,308,-146,195,None,308
24004,ALAMT4 G,AES Alamitos,SOCALIF,H,Closed,58.86,52.83,1.03,YES,YES,0,163.2,-51,76.5,None,320
24004,ALAMT4 G,AES Alamitos,SOCALIF,L,Closed,56.53,52.83,1.03,YES,YES,0,156.8,-49,73.5,None,320
24052,MTNVIST3,Etiwanda,SOCALIF,H,Closed,125,52.56,1.03,YES,YES,0,160,-50,70,None,320
24052,MTNVIST3,Etiwanda,SOCALIF,L,Closed,125,52.56,1.03,YES,YES,0,160,-50,70,None,320
24053,MTNVIST4,Etiwanda,SOCALIF,H,Closed,125,53.36,1.03,YES,YES,0,160,-50,70,None,320
24053,MTNVIST4,Etiwanda,SOCALIF,L,Closed,125,53.36,1.03,YES,YES,0,160,-50,70,None,320
24107,ORMOND1G,Ormond Beach,SOCALIF,1,Closed,725,107.65,1,YES,YES,0,750,-240,400,None,750
24923,MNTV-ST1,Mountainview Power,SOCALIF,1,Closed,208,42.06,1.03,YES,YES,0,321,-100,200,None,321
24926,MNTV-ST2,Mountainview Power,SOCALIF,1,Closed,208,42.34,1.03,YES,YES,0,321,-100,200,None,321
25102,MRCHNT23,Merchant,SOCALIF,2,Closed,162,41.02,0.99,YES,YES,0,162,-80,100,None,162
25102,MRCHNT23,Merchant,SOCALIF,3,Closed,195,41.02,0.99,YES,YES,0,195,-94,121,None,195
26039,INTERM1G,Intermountain Generating,LADWP,1,Closed,950,167,1.0434,YES,YES,0,950,-270,282,None,950
26040,INTERM2G,Intermountain Generating,LADWP,2,Closed,950,167,1.0434,YES,YES,0,950,-270,282,None,950
29000,HIDEDST1,Hi Desert,SOCALIF,1,Closed,110,106.65,1,YES,YES,0,330,-90,160,None,330
29041,IEEC-G1,Inland Empire Energy,SOCALIF,1,Closed,400,155.3,1.046,YES,YES,203,405,-200,280,None,405
30000,PTSB  7,Pittsburg (MIR),PG AND E,1,Closed,37.03,351.58,1.03,YES,YES,0,710,-300,370,None,710
31925,COLUSST1,Tap,PG AND E,3,Closed,310,98.74,1,YES,YES,0,317,-100,105,None,317
33107,DEC STG1,Delta Energy Center (CPN),PG AND E,1,Closed,280,110.01,1.04,YES,YES,0,320,-110,186,None,320
36411,DIABLO 1,Diablo Canyon,PG AND E,1,Closed,1199,6.1,1.01,YES,YES,0,1200,-500,525,None,1200
36412,DIABLO 2,Diablo Canyon,PG AND E,1,Closed,1200,16.96,1.01,YES,YES,0,1200,-480,650,None,1200
38951,TBC_POT2,Potrero,PG AND E,1,Closed,400,0,1,YES,NO,0,400,0,0,None,400
40063,CGS,Ashe,NORTHWEST,1,Closed,1151.2,-115.16,1.08,YES,YES,0,1200,-200,50,None,1200
40291,COULEE19,Grand Coulee,NORTHWEST,1,Closed,600,106.81,1.08,YES,YES,0,707,-129.08,292.34,None,707
40293,COULEE20,Grand Coulee,NORTHWEST,1,Closed,600,106.81,1.08,YES,YES,0,707,-129.08,292.34,None,707
40295,COULEE21,Grand Coulee,NORTHWEST,1,Closed,598,106.81,1.08,YES,YES,0,707,-129.88,293.43,None,707
40296,COULEE22,Grand Coulee,NORTHWEST,1,Closed,998.96,0,1.08,YES,YES,0,825.7,0,0,None,825.7
40297,COULEE23,Grand Coulee,NORTHWEST,1,Closed,697.7,106.81,1.08,YES,YES,0,825.7,-294.31,290.58,None,825.7
40298,COULEE24,Grand Coulee,NORTHWEST,1,Closed,697.7,106.81,1.08,YES,YES,0,825.7,-294.31,290.58,None,825.7
40307,COWFALLS,Cowlitz Falls,NORTHWEST,1,Closed,19.9,2.21,1.04,YES,YES,0,35,-10,10,None,35
40307,COWFALLS,Cowlitz Falls,NORTHWEST,2,Closed,19.9,2.21,1.04,YES,YES,0,35,-10,10,None,35
40344,DETROIT,Detroit,NORTHWEST,1,Closed,51.8,-13.61,1,YES,YES,0,60,-31.9,27.26,None,60
40344,DETROIT,Detroit,NORTHWEST,2,Open,0,0,1,YES,YES,0,60,-31.9,27.19,None,60
40361,DWOR 1,Dworshak,NORTHWEST,1,Closed,91.7,-26.5,1.01,YES,YES,0,103,-43,39.08,None,103
40365,DWOR 3,Dworshak,NORTHWEST,1,Closed,224.3,-18.57,1,YES,YES,0,252,-108,93.77,None,252
40555,HUNGHR12,Hungry Horse,NORTHWEST,1,Closed,86,41.52,1.02,YES,YES,0,107.5,-41.06,59.21,None,107.5
40555,HUNGHR12,Hungry Horse,NORTHWEST,2,Closed,86,41.52,1.02,YES,YES,0,107.5,-41.06,59.21,None,107.5
40559,ICE H1-1,Ice Harbor,NORTHWEST,1,Closed,91,7.17,1.03,YES,YES,0,103,-59.38,41.09,None,103
40560,ICE H1-2,,NORTHWEST,2,Closed,91,7.17,1.03,YES,YES,0,103,-59.38,41.09,None,103
40561,ICE H2-3,Ice Harbor,NORTHWEST,3,Closed,90.7,9.96,1.03,YES,YES,0,103,-59.9,41.28,None,103
40562,ICE H2-4,,NORTHWEST,4,Closed,112.6,12.45,1.03,YES,YES,0,128,-72.62,48.86,None,128
40563,ICE H3-5,Ice Harbor,NORTHWEST,5,Closed,113,11.97,1.03,YES,YES,0,128,-71.93,48.65,None,128
40717,MCNARY,McNary,NORTHWEST,1,Closed,7,0,1.03,YES,NO,0,8,0,0,None,8
40813,PARKDALE,Parkdale,NORTHWEST,1,Closed,2,0,1,YES,NO,0,2,0,0,None,2
41306,LOST CRK,Lost Creek,NORTHWEST,1,Closed,14.9,0.7,1,YES,YES,12,28,-25.22,15.05,None,28
41306,LOST CRK,Lost Creek,NORTHWEST,2,Closed,14.9,0.7,1,YES,YES,12,28,-25.22,15.05,None,28
41721,COULEE01,Grand Coulee,NORTHWEST,1,Closed,115,8.37,1.04,YES,YES,0,125,-42.9,26.6,None,125
41722,COULEE02,Grand Coulee,NORTHWEST,2,Closed,115,9.57,1.04,YES,YES,0,125,-42.9,26.6,None,125
41723,COULEE03,Grand Coulee,NORTHWEST,3,Closed,115,9.66,1.04,YES,YES,0,125,-42.9,26.6,None,125
41724,COULEE04,Grand Coulee,NORTHWEST,4,Closed,115,7.03,1.04,YES,YES,0,125,-42.9,26.6,None,125
41725,COULEE05,Grand Coulee,NORTHWEST,5,Closed,115,7.08,1.04,YES,YES,0,125,-42.9,26.6,None,125
41726,COULEE06,Grand Coulee,NORTHWEST,6,Closed,115,9.77,1.04,YES,YES,0,125,-42.9,26.6,None,125
41727,COULEE07,Grand Coulee,NORTHWEST,7,Closed,115,5.63,1.04,YES,YES,0,125,-42.9,26.6,None,125
41728,COULEE08,Grand Coulee,NORTHWEST,8,Closed,115,5.63,1.04,YES,YES,0,125,-42.9,26.6,None,125
41729,COULEE09,Grand Coulee,NORTHWEST,9,Closed,115,10.07,1.04,YES,YES,0,125,-42.9,26.6,None,125
41730,COULEE10,Grand Coulee,NORTHWEST,A,Closed,115,5.52,1.04,YES,YES,0,125,-42.9,26.6,None,125
41731,COULEE11,Grand Coulee,NORTHWEST,B,Closed,115,5.52,1.04,YES,YES,0,125,-42.9,26.6,None,125
41732,COULEE12,Grand Coulee,NORTHWEST,C,Closed,115,5.52,1.04,YES,YES,0,125,-42.9,26.6,None,125
41733,COULEE13,Grand Coulee,NORTHWEST,D,Closed,115,11.09,1.04,YES,YES,0,125,-42.9,26.6,None,125
41734,COULEE14,Grand Coulee,NORTHWEST,E,Closed,115,10.85,1.04,YES,YES,0,125,-42.9,26.6,None,125
41735,COULEE15,Grand Coulee,NORTHWEST,F,Closed,115,10.85,1.04,YES,YES,0,125,-42.9,26.6,None,125
41736,COULEE16,Grand Coulee,NORTHWEST,G,Closed,115,6.65,1.04,YES,YES,0,125,-42.9,26.6,None,125
41737,COULEE17,Grand Coulee,NORTHWEST,I,Closed,115,6.65,1.04,YES,YES,0,125,-42.9,26.6,None,125
41738,COULEE18,Grand Coulee,NORTHWEST,J,Closed,115,6.65,1.04,YES,YES,0,125,-42.9,26.6,None,125
42014,ENSERCHL,Encogen NW,NORTHWEST,L,Closed,53,6.34,1.01,YES,YES,0,53,-4.4,13.8,None,53
42021,SUMAS 1,Sumas Cogeneration Company LP,NORTHWEST,1,Closed,97,-10.59,1,YES,YES,0,97,-37,68,None,97
42031,FERNDL 1,Terrell Creek,NORTHWEST,1,Closed,91.1,44.6,1.03,YES,YES,0,91.1,-16,56,None,91.1
42032,FERNDL 2,Terrell Creek,NORTHWEST,2,Closed,91.1,44.6,1.03,YES,YES,0,91.1,-16,56,None,91.1
42033,FERNDL L,Terrell Creek,NORTHWEST,L,Closed,85,45.95,1.03,YES,YES,0,99.9,-16,48,None,99.9
42042,WHITHRN2,Whitehorn,NORTHWEST,2,Closed,81.1,-11.6,1,YES,YES,0,81.1,-11.6,43.8,None,81.1
42043,WHITHRN3,Whitehorn,NORTHWEST,3,Closed,81.1,-11.6,1,YES,YES,0,81.1,-11.6,43.8,None,81.1
42111,FREDONA1,Fredonia (PSPL),NORTHWEST,1,Closed,114,10.9,1,YES,YES,0,114,-41.9,79.6,None,114
42112,FREDONA2,Fredonia (PSPL),NORTHWEST,2,Closed,114,10.9,1,YES,YES,0,114,-41.9,79.6,None,114
42114,FREDONA3,Fredonia (PSPL),NORTHWEST,3,Closed,60.5,-9.46,1,YES,YES,0,60.5,-15,34,None,60.5
42115,FREDONA4,Fredonia (PSPL),NORTHWEST,4,Closed,60.5,-9.46,1,YES,YES,0,60.5,-15,34,None,60.5
42121,LO BAKER,Lower Baker,NORTHWEST,1,Closed,77,-5.62,1,YES,YES,0,77,-25,29,None,77
42124,UP BAKER,Upper Baker,NORTHWEST,1,Closed,43,-1.38,1,YES,YES,0,49,-21,22.4,None,49
42124,UP BAKER,Upper Baker,NORTHWEST,2,Closed,39,-1.38,1,YES,YES,0,43,-22.8,24,None,43
42721,FREDERC1,Frederickson (PSPL),NORTHWEST,1,Closed,81.1,-8.26,1,YES,YES,0,81.1,-20.3,50.3,None,81.1
42722,FREDERC2,Frederickson (PSPL),NORTHWEST,2,Closed,81.1,-8.26,1,YES,YES,0,81.1,-20.3,50.3,None,81.1
43017,BEAVER,Beaver,NORTHWEST,1,Closed,55,5.02,1.018,YES,YES,0,60.7,-8,30,None,60.7
43017,BEAVER,Beaver,NORTHWEST,2,Closed,55,5.02,1.018,YES,YES,0,60.7,-8,30,None,60.7
43017,BEAVER,Beaver,NORTHWEST,3,Closed,55,5.02,1.018,YES,YES,0,60.7,-8,30,None,60.7
43017,BEAVER,Beaver,NORTHWEST,4,Closed,55,5.02,1.018,YES,YES,0,60.7,-8,30,None,60.7
43017,BEAVER,Beaver,NORTHWEST,5,Closed,55,5.02,1.018,YES,YES,0,60.7,-8,30,None,60.7
43017,BEAVER,Beaver,NORTHWEST,6,Closed,55,5.02,1.018,YES,YES,0,60.7,-8,30,None,60.7
43019,BEAVER,Beaver,NORTHWEST,1,Closed,135,9.87,1.0172,YES,YES,0,143.8,-80,115,None,143.8
43047,BOARD F,Boardman (PGE),NORTHWEST,1,Closed,612,-79.07,1.08,YES,YES,0,642,-165,190,None,642
43111,COYO G1,Coyote Springs,NORTHWEST,1,Closed,168.5,77.27,1.056,YES,YES,0,177.7,-52,91.1,None,177.7
43119,COYO S1,Coyote Springs,NORTHWEST,1,Closed,79.3,40.9,1.056,YES,YES,0,79.3,-21.9,40.9,None,79.3
43407,PELTON,Pelton,NORTHWEST,1,Closed,35,7.97,1,YES,YES,0,36.6,-8.4,8.4,None,36.6
43407,PELTON,Pelton,NORTHWEST,2,Closed,35,7.97,1,YES,YES,0,36.7,-8.4,8.4,None,36.7
43407,PELTON,Pelton,NORTHWEST,3,Closed,35,7.97,1,YES,YES,0,36.7,-8.4,8.4,None,36.7
43486,ROUND B1,Round Butte,NORTHWEST,1,Closed,90,24.2,1,YES,YES,0,101.7,-30,37.5,None,101.7
43488,ROUND B2,Round Butte,NORTHWEST,2,Closed,90,20,1,YES,YES,0,101.6,-20,20,None,101.6
43490,ROUND B3,Round Butte,NORTHWEST,3,Closed,90,24.16,1,YES,YES,0,101.7,-30,37.5,None,101.7
43905,PORTW G1,Port Of Washington,NORTHWEST,1,Closed,246,110.29,1.049,YES,YES,0,312.3,-110,150,None,312.3
43907,PORTW S1,Port Of Washington,NORTHWEST,1,Closed,153,82,1.0479,YES,YES,0,171,-60,82,None,171
44001,BON 0102,Bonneville,NORTHWEST,01,Closed,40.9,16.86,1.05,YES,YES,0,46,-24.83,20.44,None,46
44001,BON 0102,Bonneville,NORTHWEST,02,Closed,40.9,16.86,1.05,YES,YES,0,46,-24.83,20.44,None,46
44002,BON 0304,Bonneville,NORTHWEST,03,Closed,57.8,7.87,1.04,YES,YES,0,66,-12.74,29.71,None,66
44002,BON 0304,Bonneville,NORTHWEST,04,Closed,57.8,7.87,1.04,YES,YES,0,66,-12.74,29.71,None,66
44003,BON 0506,Bonneville,NORTHWEST,05,Closed,57.8,7.87,1.04,YES,YES,0,66,-12.74,29.71,None,66
44003,BON 0506,Bonneville,NORTHWEST,06,Closed,57.8,7.87,1.04,YES,YES,0,66,-12.74,29.71,None,66
44004,BON 0708,Bonneville,NORTHWEST,07,Closed,57.8,7.87,1.04,YES,YES,0,66,-12.74,29.71,None,66
44004,BON 0708,Bonneville,NORTHWEST,08,Closed,57.8,7.87,1.04,YES,YES,0,66,-12.74,29.71,None,66
44005,BON 0910,Bonneville,NORTHWEST,09,Closed,57.8,13.49,1.05,YES,YES,0,66,-12.74,29.71,None,66
44005,BON 0910,Bonneville,NORTHWEST,10,Closed,57.8,13.49,1.05,YES,YES,0,66,-12.74,29.71,None,66
44006,BON 1112,Bonneville,NORTHWEST,11,Closed,66.8,9.84,1.04,YES,YES,0,76,-12.63,28.81,None,76
44006,BON 1112,Bonneville,NORTHWEST,12,Closed,66.8,9.84,1.04,YES,YES,0,76,-12.63,28.81,None,76
44007,BON 1314,Bonneville,NORTHWEST,13,Closed,66.8,9.84,1.04,YES,YES,0,76,-12.63,28.81,None,76
44007,BON 1314,Bonneville,NORTHWEST,14,Closed,66.8,9.84,1.04,YES,YES,0,76,-12.63,28.81,None,76
44007,BON 1314,Bonneville,NORTHWEST,F1,Closed,12,1.97,1.04,YES,YES,0,15.9,-4.9,4.9,None,15.9
44008,BON 1516,Bonneville,NORTHWEST,15,Closed,66.8,9.84,1.04,YES,YES,0,76,-12.63,28.81,None,76
44008,BON 1516,Bonneville,NORTHWEST,16,Closed,66,9.84,1.04,YES,YES,0,76,-13.42,29.21,None,76
44009,BON 1718,Bonneville,NORTHWEST,17,Closed,67,9.84,1.04,YES,YES,0,76,-12.43,28.72,None,76
44009,BON 1718,Bonneville,NORTHWEST,18,Closed,67,9.84,1.04,YES,YES,0,76,-12.43,28.72,None,76
44009,BON 1718,Bonneville,NORTHWEST,F2,Open,0,0,1.04,YES,YES,0,15.9,-4.9,4.9,None,15.9
44041,TDA 0102,The Dalles Ph,NORTHWEST,01,Closed,77.7,-7.77,1.04,YES,YES,0,90,-45.37,34.34,None,90
44041,TDA 0102,The Dalles Ph,NORTHWEST,02,Closed,77.7,-7.77,1.04,YES,YES,0,90,-45.37,34.34,None,90
44042,TDA 0304,The Dalles Ph,NORTHWEST,03,Closed,77.7,-7.77,1.04,YES,YES,0,90,-45.37,34.34,None,90
44042,TDA 0304,The Dalles Ph,NORTHWEST,04,Closed,77.7,-7.77,1.04,YES,YES,0,90,-45.37,34.34,None,90
44044,TDA 0708,The Dalles Ph,NORTHWEST,07,Closed,74.8,35.9,1.05,YES,YES,0,90,-49.94,35.9,None,90
44044,TDA 0708,The Dalles Ph,NORTHWEST,08,Closed,74.8,35.9,1.05,YES,YES,0,90,-49.94,35.9,None,90
44045,TDA 0910,The Dalles Ph,NORTHWEST,09,Closed,77,12.16,1.01,YES,YES,0,90,-46.46,34.71,None,90
44045,TDA 0910,The Dalles Ph,NORTHWEST,10,Closed,77,12.16,1.01,YES,YES,0,90,-46.46,34.71,None,90
44046,TDA 1112,The Dalles Ph,NORTHWEST,11,Closed,77.7,19.14,1.01,YES,YES,0,90,-45.37,34.34,None,90
44046,TDA 1112,The Dalles Ph,NORTHWEST,12,Open,0,0,1.01,YES,YES,0,90,-65.5,54,None,90
44047,TDA 1314,The Dalles Ph,NORTHWEST,13,Closed,77.7,24.14,1.05,YES,YES,0,90,-45.37,34.34,None,90
44047,TDA 1314,The Dalles Ph,NORTHWEST,14,Closed,77.7,24.14,1.05,YES,YES,0,90,-45.37,34.34,None,90
44048,TDA 1516,The Dalles Ph,NORTHWEST,15,Closed,85.7,24.14,1.05,YES,YES,0,99,-27.77,39.35,None,99
44048,TDA 1516,The Dalles Ph,NORTHWEST,16,Closed,85.7,24.14,1.05,YES,YES,0,99,-27.77,39.35,None,99
44049,TDA 1718,The Dalles Ph,NORTHWEST,17,Closed,85.7,24.14,1.05,YES,YES,0,99,-27.77,39.35,None,99
44049,TDA 1718,The Dalles Ph,NORTHWEST,18,Closed,86,24.14,1.05,YES,YES,0,99,-27.37,39.2,None,99
44050,TDA 1920,The Dalles Ph,NORTHWEST,19,Closed,85.7,24.14,1.05,YES,YES,0,99,-27.77,39.35,None,99
44050,TDA 1920,The Dalles Ph,NORTHWEST,20,Closed,85.7,24.14,1.05,YES,YES,0,99,-27.77,39.35,None,99
44051,TDA 2122,The Dalles Ph,NORTHWEST,21,Closed,86,24.14,1.05,YES,YES,0,99,-27.37,39.2,None,99
44051,TDA 2122,The Dalles Ph,NORTHWEST,22,Closed,86,24.14,1.05,YES,YES,0,99,-27.37,39.2,None,99
44071,JDA 0102,John Day Ph,NORTHWEST,01,Closed,138.5,-27.73,1.08,YES,YES,0,155,-61.34,60.24,None,155
44071,JDA 0102,John Day Ph,NORTHWEST,02,Closed,138.5,-27.73,1.08,YES,YES,0,155,-61.34,60.24,None,155
44072,JDA 0304,John Day Ph,NORTHWEST,03,Closed,138.5,-27.73,1.08,YES,YES,0,155,-61.34,60.24,None,155
44072,JDA 0304,John Day Ph,NORTHWEST,04,Closed,138.5,-27.73,1.08,YES,YES,0,155,-61.34,60.24,None,155
44073,JDA 0506,John Day Ph,NORTHWEST,05,Closed,138.5,-27.73,1.08,YES,YES,0,155,-61.34,60.24,None,155
44073,JDA 0506,John Day Ph,NORTHWEST,06,Closed,138.5,-27.73,1.08,YES,YES,0,155,-61.34,60.24,None,155
44074,JDA 0708,John Day Ph,NORTHWEST,07,Closed,138.5,-27.73,1.08,YES,YES,0,155,-61.34,60.24,None,155
44074,JDA 0708,John Day Ph,NORTHWEST,08,Closed,138.5,-27.73,1.08,YES,YES,0,155,-61.34,60.24,None,155
44075,JDA 0910,John Day Ph,NORTHWEST,09,Closed,138.5,-27.73,1.08,YES,YES,0,155,-61.34,60.24,None,155
44075,JDA 0910,John Day Ph,NORTHWEST,10,Closed,139,-27.73,1.08,YES,YES,0,155,-60.91,59.94,None,155
44076,JDA 1112,John Day Ph,NORTHWEST,11,Closed,138.5,-27.73,1.08,YES,YES,0,155,-61.34,60.24,None,155
44076,JDA 1112,John Day Ph,NORTHWEST,12,Closed,139,-27.73,1.08,YES,YES,0,155,-60.91,59.94,None,155
44077,JDA 1314,John Day Ph,NORTHWEST,13,Closed,137.5,-27.73,1.08,YES,YES,0,155,-62.2,60.85,None,155
44077,JDA 1314,John Day Ph,NORTHWEST,14,Closed,137.5,-27.73,1.08,YES,YES,0,155,-62.2,60.85,None,155
44078,JDA 1516,John Day Ph,NORTHWEST,15,Open,0,0,1.08,YES,YES,0,155,-61.34,60.24,None,155
44078,JDA 1516,John Day Ph,NORTHWEST,16,Closed,137.5,-27.73,1.08,YES,YES,0,155,-62.2,60.85,None,155
44101,MCN 01,McNary,NORTHWEST,01,Closed,71.8,11.3,1.05,YES,YES,0,80,-41.08,27.32,None,80
44102,MCN 02,McNary,NORTHWEST,02,Closed,71.8,11.3,1.05,YES,YES,0,80,-41.08,27.32,None,80
44103,MCN 03,McNary,NORTHWEST,03,Closed,71.8,11.3,1.05,YES,YES,0,80,-41.08,27.32,None,80
44104,MCN 04,McNary,NORTHWEST,04,Closed,71.8,11.3,1.05,YES,YES,0,80,-41.08,27.32,None,80
44105,MCN 05,McNary,NORTHWEST,05,Closed,71.8,27.32,1.05,YES,YES,0,80,-41.08,27.32,None,80
44106,MCN 06,McNary,NORTHWEST,06,Closed,71.8,27.32,1.05,YES,YES,0,80,-41.08,27.32,None,80
44107,MCN 07,McNary,NORTHWEST,07,Closed,71.8,27.32,1.05,YES,YES,0,80,-41.08,27.32,None,80
44108,MCN 08,McNary,NORTHWEST,08,Closed,71.8,27.32,1.05,YES,YES,0,80,-41.08,27.32,None,80
44109,MCN 09,McNary,NORTHWEST,09,Closed,71.8,27.32,1.05,YES,YES,0,80,-41.08,27.32,None,80
44110,MCN 10,McNary,NORTHWEST,10,Closed,71.8,27.32,1.05,YES,YES,0,80,-41.08,27.32,None,80
44113,MCN 13,McNary,NORTHWEST,13,Closed,67.8,-40.94,1.03,YES,YES,0,80,-45.1,29,None,80
44114,MCN 14,McNary,NORTHWEST,14,Closed,67.8,-40.94,1.03,YES,YES,0,80,-45.1,30.5,None,80
44141,CHJ 0102,Chief Joseph,NORTHWEST,01,Closed,76.7,15.39,1.04,YES,YES,0,88,-36.34,34.45,None,88
44141,CHJ 0102,Chief Joseph,NORTHWEST,02,Closed,76.7,15.39,1.04,YES,YES,0,88,-36.34,34.45,None,88
44142,CHJ 0304,Chief Joseph,NORTHWEST,03,Closed,76.7,15.39,1.04,YES,YES,0,88,-36.34,34.45,None,88
44142,CHJ 0304,Chief Joseph,NORTHWEST,04,Closed,76.7,15.39,1.04,YES,YES,0,88,-36.34,34.45,None,88
44143,CHJ 0506,Chief Joseph,NORTHWEST,05,Closed,76.7,15.39,1.04,YES,YES,0,88,-36.34,34.45,None,88
44143,CHJ 0506,Chief Joseph,NORTHWEST,06,Closed,76.7,15.39,1.04,YES,YES,0,88,-36.34,34.45,None,88
44144,CHJ 0708,Chief Joseph,NORTHWEST,07,Closed,76.7,15.39,1.04,YES,YES,0,88,-36.34,34.45,None,88
44144,CHJ 0708,Chief Joseph,NORTHWEST,08,Closed,76.7,15.39,1.04,YES,YES,0,88,-36.34,34.45,None,88
44145,CHJ 0910,Chief Joseph,NORTHWEST,09,Closed,76.7,30.04,1.04,YES,YES,0,88,-36.34,34.45,None,88
44145,CHJ 0910,Chief Joseph,NORTHWEST,10,Closed,76.7,30.04,1.04,YES,YES,0,88,-36.34,34.45,None,88
44146,CHJ 1112,Chief Joseph,NORTHWEST,11,Closed,76.7,30.04,1.04,YES,YES,0,88,-36.34,34.45,None,88
44146,CHJ 1112,Chief Joseph,NORTHWEST,12,Closed,76.7,30.04,1.04,YES,YES,0,88,-36.34,34.45,None,88
44147,CHJ 1314,Chief Joseph,NORTHWEST,13,Closed,76.7,30.04,1.04,YES,YES,0,88,-36.34,34.45,None,88
44147,CHJ 1314,Chief Joseph,NORTHWEST,14,Closed,76.7,30.04,1.04,YES,YES,0,88,-36.34,34.45,None,88
44148,CHJ 1516,Chief Joseph,NORTHWEST,15,Closed,76.7,30.04,1.04,YES,YES,0,88,-36.34,34.45,None,88
44148,CHJ 1516,Chief Joseph,NORTHWEST,16,Closed,77,30.04,1.04,YES,YES,0,88,-36.19,34.26,None,88
44149,CHJ 1718,Chief Joseph,NORTHWEST,17,Closed,95.7,0.12,1.08,YES,YES,0,109,-40.1,40.39,None,109
44149,CHJ 1718,Chief Joseph,NORTHWEST,18,Closed,95.7,0.12,1.08,YES,YES,0,109,-40.1,40.39,None,109
44150,CHJ 1920,Chief Joseph,NORTHWEST,19,Closed,95.7,0.12,1.08,YES,YES,0,109,-40.1,40.39,None,109
44150,CHJ 1920,Chief Joseph,NORTHWEST,20,Closed,95.7,0.12,1.08,YES,YES,0,109,-40.1,40.39,None,109
44151,CHJ 2122,Chief Joseph,NORTHWEST,21,Closed,95.7,0.12,1.08,YES,YES,0,109,-40.1,40.39,None,109
44151,CHJ 2122,Chief Joseph,NORTHWEST,22,Closed,95.7,0.12,1.08,YES,YES,0,109,-40.1,40.39,None,109
44152,CHJ 2324,Chief Joseph,NORTHWEST,23,Closed,95.7,0.12,1.08,YES,YES,0,109,-40.1,40.39,None,109
44152,CHJ 2324,Chief Joseph,NORTHWEST,24,Closed,95.7,0.12,1.08,YES,YES,0,109,-40.1,40.39,None,109
44153,CHJ 25,Chief Joseph,NORTHWEST,25,Closed,95.7,0.12,1.08,YES,YES,0,109,-40.1,40.39,None,109
44154,CHJ 2627,Chief Joseph,NORTHWEST,26,Open,0,0,1.08,YES,YES,0,109,-40.1,40.39,None,109
44154,CHJ 2627,Chief Joseph,NORTHWEST,27,Closed,95.7,0.12,1.08,YES,YES,0,109,-40.1,40.39,None,109
44191,LIB 01,Libby - PACIF,NORTHWEST,1,Closed,108,2.64,1.04,YES,YES,0,121,-37.53,47.53,None,121
44192,LIB 02,Libby - PACIF,NORTHWEST,2,Closed,108,2.64,1.04,YES,YES,0,121,-37.53,47.53,None,121
44193,LIB 03,Libby - PACIF,NORTHWEST,3,Closed,108,2.64,1.04,YES,YES,0,121,-37.53,47.53,None,121
44211,LGS 0102,Little Goose Ph,NORTHWEST,1,Closed,139,-3.91,1.08,YES,YES,0,155,-31.42,60.69,None,155
44211,LGS 0102,Little Goose Ph,NORTHWEST,2,Closed,138.5,-3.91,1.08,YES,YES,0,155,-31.82,61.01,None,155
44212,LGS 0304,Little Goose Ph,NORTHWEST,3,Closed,139,-3.91,1.08,YES,YES,0,155,-31.42,60.69,None,155
44212,LGS 0304,Little Goose Ph,NORTHWEST,4,Closed,138.5,-3.91,1.08,YES,YES,0,155,-85.16,61.24,None,155
44213,LGS 05,Little Goose Ph,NORTHWEST,5,Closed,138.5,-3.91,1.08,YES,YES,0,155,-85.16,61.24,None,155
44214,LGS 06,Little Goose Ph,NORTHWEST,6,Closed,139,-3.91,1.08,YES,YES,0,155,-84.34,60.94,None,155
44231,LWG 0102,Lower Granite,NORTHWEST,1,Closed,138.5,-5.85,1.08,YES,YES,0,155,-39.34,55.7,None,155
44231,LWG 0102,Lower Granite,NORTHWEST,2,Closed,138.5,-5.85,1.08,YES,YES,0,155,-39.34,55.7,None,155
44232,LWG 0304,Lower Granite,NORTHWEST,3,Closed,138.5,-5.85,1.08,YES,YES,0,155,-39.34,55.7,None,155
44232,LWG 0304,Lower Granite,NORTHWEST,4,Closed,138.5,-5.85,1.08,YES,YES,0,155,-58.29,60.96,None,155
44233,LWG 05,Lower Granite,NORTHWEST,5,Closed,138.5,-5.85,1.08,YES,YES,0,155,-58.29,60.96,None,155
44251,LMN 0102,Lower Monumental,NORTHWEST,1,Closed,120,-9.91,1.08,YES,YES,0,155,-111.13,70.25,None,155
44251,LMN 0102,Lower Monumental,NORTHWEST,2,Closed,138.5,-9.91,1.08,YES,YES,0,155,-85.63,60.24,None,155
44252,LMN 0304,Lower Monumental,NORTHWEST,3,Closed,139,-9.91,1.08,YES,YES,0,155,-84.84,59.94,None,155
44252,LMN 0304,Lower Monumental,NORTHWEST,4,Closed,135.5,-9.91,1.08,YES,YES,0,155,-90.39,63.07,None,155
44253,LMN 05,Lower Monumental,NORTHWEST,5,Closed,135.5,-9.91,1.08,YES,YES,0,155,-90.39,63.07,None,155
44980,CAMASSW,Camas,NORTHWEST,1,Closed,11,21,1,YES,YES,11,50.7,4.4,21,None,50.7
45351,YALE GEN,Yale,NORTHWEST,1,Closed,59,12.27,1.04,YES,YES,0,73.3,-17,26,None,73.3
45351,YALE GEN,Yale,NORTHWEST,2,Open,0,0,1.04,YES,YES,0,73.3,-17,26,None,73.3
45447,KFALL ST,Klamath Falls,NORTHWEST,1,Closed,164.5,-9.68,1.01,YES,YES,0,190,-65,114,None,190
45448,KFALLCT1,Klamath Falls,NORTHWEST,1,Closed,159.5,-5.84,1.01,YES,YES,0,175,-62,105,None,175
45454,HERM 1G,Hermiston Power Project,NORTHWEST,1,Closed,159.5,7.26,1,YES,YES,0,180,-50.3,107.2,None,180
45455,HERM 1S,Hermiston Power Project,NORTHWEST,1,Closed,74.8,3.45,1,YES,YES,0,86,-29,59,None,86
45456,HERM 2G,Hermiston Power Project,NORTHWEST,1,Closed,159.5,7.26,1,YES,YES,0,180,-50.3,107.2,None,180
45457,HERM 2S,Hermiston Power Project,NORTHWEST,1,Closed,74.8,3.45,1,YES,YES,0,86,-29,59,None,86
45546,SWIFT1-3,Swift,NORTHWEST,1,Closed,75.3,30.86,1.05,YES,YES,0,78,-19,38,None,78
46170,PRIEST01,Priest Rapids,NORTHWEST,1,Closed,87.7,27.84,1.04,YES,YES,0,95,-24.6,40.16,None,95
46171,PRIEST02,Priest Rapids,NORTHWEST,2,Closed,87.7,27.84,1.04,YES,YES,0,98,-26.6,40.33,None,98
46173,PRIEST04,Priest Rapids,NORTHWEST,4,Closed,87.7,27.84,1.04,YES,YES,0,95,-24.6,40.16,None,95
46174,PRIEST05,Priest Rapids,NORTHWEST,5,Closed,87.7,20.6,1.04,YES,YES,0,95,-24.6,40.16,None,95
46175,PRIEST06,Priest Rapids,NORTHWEST,6,Closed,87.7,20.6,1.04,YES,YES,0,95,-24.6,40.16,None,95
46176,PRIEST07,Priest Rapids,NORTHWEST,7,Closed,87.7,20.6,1.04,YES,YES,0,95,-24.6,40.16,None,95
46177,PRIEST08,Priest Rapids,NORTHWEST,8,Closed,87.7,20.6,1.04,YES,YES,0,95,-24.6,40.16,None,95
46178,PRIEST09,Priest Rapids,NORTHWEST,9,Closed,87.7,-25.64,1.03,YES,YES,0,98,-26.6,40.33,None,98
46179,PRIEST10,Priest Rapids,NORTHWEST,A,Closed,86,-25.64,1.03,YES,YES,0,95,-28,41.16,None,95
46180,WANAPM01,Wanapum,NORTHWEST,1,Closed,94.7,21.91,1.04,YES,YES,0,122.2,-18.54,35.73,None,122.2
46181,WANAPM02,Wanapum,NORTHWEST,2,Closed,94.7,21.91,1.04,YES,YES,0,122.2,-18.54,35.73,None,122.2
46182,WANAPM03,Wanapum,NORTHWEST,3,Closed,94.7,21.91,1.04,YES,YES,0,103.8,-18.54,35.73,None,103.8
46183,WANAPM04,Wanapum,NORTHWEST,4,Closed,94.7,21.91,1.04,YES,YES,0,103.8,-18.54,35.73,None,103.8
46184,WANAPM05,Vantage,NORTHWEST,5,Closed,94.7,21.91,1.04,YES,YES,0,122.2,-18.54,35.73,None,122.2
46185,WANAPM06,Vantage,NORTHWEST,6,Closed,94.7,21.91,1.04,YES,YES,0,103.8,-18.54,35.73,None,103.8
46186,WANAPM07,Vantage,NORTHWEST,7,Closed,94.7,21.91,1.04,YES,YES,0,122.2,-18.54,35.73,None,122.2
46187,WANAPM08,Vantage,NORTHWEST,8,Closed,94.7,21.91,1.04,YES,YES,0,103.8,-18.54,35.73,None,103.8
46188,WANAPM09,Vantage,NORTHWEST,9,Closed,95,21.91,1.04,YES,YES,0,103.8,-18.4,35.6,None,103.8
46210,CARMEN,Carmen Smith,NORTHWEST,1,Closed,24.9,0.51,1.05,YES,YES,0,41.4,-35,30,None,41.4
46210,CARMEN,Carmen Smith,NORTHWEST,2,Closed,24.9,0.51,1.05,YES,YES,0,41.4,-35,30,None,41.4
46210,CARMEN,Carmen Smith,NORTHWEST,3,Closed,6.3,0.51,1.05,YES,YES,0,10.5,-5,5.5,None,10.5
46419,DIABLO31,Diablo,NORTHWEST,1,Closed,80.02,4.85,1,YES,YES,0,83,-18.8,29.7,None,83
46420,DIABLO32,Diablo,NORTHWEST,2,Closed,75.02,4.85,1,YES,YES,0,83,-17.6,34,None,83
46429,GORGE,Gorge (SCL),NORTHWEST,1,Closed,26.18,2,1,YES,YES,0,36.86,-13,13,None,36.86
46429,GORGE,Gorge (SCL),NORTHWEST,2,Closed,26.18,2,1,YES,YES,0,36.86,-12.2,17.4,None,36.86
46429,GORGE,Gorge (SCL),NORTHWEST,3,Closed,32.77,2.07,1,YES,YES,0,36.86,-15,15,None,36.86
46430,GORGE 4,Gorge (SCL),NORTHWEST,4,Closed,74.44,5.14,1,YES,YES,0,80,-24,33.5,None,80
46439,ROSS 42,Ross Dam,NORTHWEST,1,Closed,73.79,-7.72,0.99,YES,YES,0,112.5,-60,43,None,112.5
46439,ROSS 42,Ross Dam,NORTHWEST,2,Open,0,0,0.99,YES,YES,0,112.5,-63.5,38.5,None,112.5
46441,ROSS 44,Ross Dam,NORTHWEST,3,Closed,71.2,-3.19,0.99,YES,YES,0,112.5,-60,36,None,112.5
46441,ROSS 44,Ross Dam,NORTHWEST,4,Closed,71.2,-3.19,0.99,YES,YES,0,112.5,-55,50.5,None,112.5
46464,BOUNDG51,Boundary,NORTHWEST,51,Closed,130.51,14.85,1.04,YES,YES,0,158.4,-45,50,None,158.4
46468,BOUNDG53,Boundary,NORTHWEST,53,Closed,130.51,14.85,1.04,YES,YES,0,158.4,-45,50,None,158.4
46470,BOUNDG54,Boundary,NORTHWEST,54,Closed,130.51,14.85,1.04,YES,YES,0,161.5,-45,50,None,161.5
46474,BOUNDG56,Boundary,NORTHWEST,56,Closed,175.82,18.56,1.04,YES,YES,0,200,-40,50,None,200
46606,SIMP_GEN,Simpson,NORTHWEST,1,Closed,64,0,1,YES,NO,0,64,0,0,None,64
46624,MAYFILD2,Mayfield,NORTHWEST,2,Closed,43,4.23,1,YES,YES,0,45,-8,13,None,45
46624,MAYFILD2,Mayfield,NORTHWEST,3,Closed,43,4.23,1,YES,YES,0,45,-8,13,None,45
46624,MAYFILD2,Mayfield,NORTHWEST,4,Open,0,0,1,YES,YES,0,45,-14,26,None,45
46627,MOSSYRK1,Mossyrock,NORTHWEST,1,Closed,169,15.09,1,YES,YES,0,203,-119.78,113.78,None,203
46628,MOSSYRK2,Mossyrock,NORTHWEST,2,Closed,90,8.01,1,YES,YES,0,175,-145,132.14,None,175
46791,CUSHMN2,Cushman 2,NORTHWEST,1,Closed,21,3.19,1,YES,YES,0,30,-10,12,None,30
46791,CUSHMN2,Cushman 2,NORTHWEST,2,Closed,20,3.19,1,YES,YES,0,30,-10,12,None,30
46791,CUSHMN2,Cushman 2,NORTHWEST,3,Closed,20,3.19,1,YES,YES,0,30,-10,12,None,30
46802,ROCKI U1,Rock Island Powerhouse,NORTHWEST,U1,Closed,39,8.67,1.03478,YES,YES,0,54,-36.46,22.1,None,54
46803,CHELAN,Chelan,NORTHWEST,A1,Closed,30,12.67,1.03478,YES,YES,0,37,-18.38,24.68,None,37
46803,CHELAN,Chelan,NORTHWEST,A2,Closed,30,12.67,1.03478,YES,YES,0,37,-18.38,24.68,None,37
46804,ROCKI U2,Rock Island Powerhouse,NORTHWEST,U2,Closed,39,8.67,1.03478,YES,YES,0,54,-36.46,22.1,None,54
46806,ROCKI U3,Rock Island Powerhouse,NORTHWEST,U3,Closed,39,8.67,1.03478,YES,YES,0,54,-36.46,22.1,None,54
46810,ROCKI U4,Rock Island Powerhouse,NORTHWEST,U4,Closed,39,8.67,1.03478,YES,YES,0,54,-36.46,22.1,None,54
46812,ROCKI U5,Rock Island Powerhouse,NORTHWEST,U5,Closed,39,8.67,1.03478,YES,YES,0,54,-36.46,22.1,None,54
46814,ROCKI U6,Rock Island Powerhouse,NORTHWEST,U6,Closed,39,8.67,1.03478,YES,YES,0,54,-36.46,22.1,None,54
46820,ROCKI U7,Rock Island Powerhouse,NORTHWEST,U7,Closed,39,8.67,1.03478,YES,YES,0,54,-36.46,22.1,None,54
46822,ROCKI U8,Rock Island Powerhouse,NORTHWEST,U8,Closed,39,8.67,1.03478,YES,YES,0,54,-36.46,22.1,None,54
46841,ROCKYR01,Rocky Reach,NORTHWEST,C1,Closed,68,18.28,1.03478,YES,YES,0,120,-55.2,61.6,None,120
46842,ROCKYR02,Rocky Reach,NORTHWEST,C2,Closed,68,18.28,1.03478,YES,YES,0,120,-55.2,61.6,None,120
46843,ROCKYR03,Rocky Reach,NORTHWEST,C3,Closed,69,18.28,1.03478,YES,YES,0,120,-54.9,61.2,None,120
46844,ROCKYR04,Rocky Reach,NORTHWEST,C4,Closed,69,18.28,1.03478,YES,YES,0,120,-54.9,61.2,None,120
46845,ROCKYR05,Rocky Reach,NORTHWEST,C5,Closed,69,18.28,1.03478,YES,YES,0,120,-54.9,61.2,None,120
46846,ROCKYR06,Rocky Reach,NORTHWEST,C6,Closed,69,18.28,1.03478,YES,YES,0,120,-54.9,61.2,None,120
46847,ROCKYR07,Rocky Reach,NORTHWEST,C7,Closed,69,18.28,1.03478,YES,YES,0,120,-54.9,61.2,None,120
46848,ROCKYR08,Rocky Reach,NORTHWEST,C8,Closed,95,18.28,1.03478,YES,YES,0,132,-67.58,54.38,None,132
46849,ROCKYR09,Rocky Reach,NORTHWEST,C9,Closed,95,18.28,1.03478,YES,YES,0,132,-67.58,54.38,None,132
46850,ROCKYR10,Rocky Reach,NORTHWEST,CA,Closed,95,18.28,1.03478,YES,YES,0,132,-67.58,54.38,None,132
46851,ROCKYR11,Rocky Reach,NORTHWEST,CB,Closed,95,18.28,1.03478,YES,YES,0,132,-67.58,54.38,None,132
47104,WELLS T1,Wells (DOPD),NORTHWEST,1,Closed,80,10.76,1.04345,YES,YES,50,85.5,-39,33.5,None,85.5
47104,WELLS T1,Wells (DOPD),NORTHWEST,2,Closed,80,10.76,1.04345,YES,YES,50,85.5,-39,33.5,None,85.5
47105,WELLS T2,Wells (DOPD),NORTHWEST,3,Open,0,0,1.04345,YES,YES,50,85.5,-60,51.5,None,85.5
47105,WELLS T2,Wells (DOPD),NORTHWEST,4,Closed,80,10.76,1.04345,YES,YES,50,85.5,-39,33.5,None,85.5
47106,WELLS T3,Wells (DOPD),NORTHWEST,5,Closed,80,10.76,1.04345,YES,YES,50,85.5,-39,33.5,None,85.5
47106,WELLS T3,Wells (DOPD),NORTHWEST,6,Closed,80,10.76,1.04345,YES,YES,50,85.5,-39,33.5,None,85.5
47107,WELLS T4,Wells (DOPD),NORTHWEST,7,Closed,80,10.76,1.04345,YES,YES,50,85.5,-39,33.5,None,85.5
47107,WELLS T4,Wells (DOPD),NORTHWEST,8,Closed,80,10.76,1.04345,YES,YES,50,85.5,-39,33.5,None,85.5
47108,WELLS T5,Wells (DOPD),NORTHWEST,9,Closed,80,10.76,1.04345,YES,YES,50,85.5,-39,33.5,None,85.5
47108,WELLS T5,Wells (DOPD),NORTHWEST,A,Closed,80,10.76,1.04345,YES,YES,50,85.5,-39,33.5,None,85.5
47216,RVR RD C,River Road,NORTHWEST,1,Closed,250,22.23,1,YES,YES,0,260,-101.7,60.4,None,260
47359,LION MTN,Lion Mountain,NORTHWEST,1,Closed,1,0,1,YES,NO,0,1,0,0,None,1
47568,LANCAS G,Lancaster,NORTHWEST,1,Closed,171,0,1.03,YES,YES,0,185,0,130.2,None,185
47569,LANCAS S,Lancaster,NORTHWEST,1,Closed,78,0,1.03,YES,YES,0,85,0,59.8,None,85
47576,FREDST S,Frederickson (PSPL),NORTHWEST,1,Closed,89.7,-28.56,1,YES,YES,0,100,-30,60,None,100
47577,FREDST G,Frederickson (PSPL),NORTHWEST,1,Closed,159.5,-58.36,1,YES,YES,0,170,-80,125,None,170
47588,CHEH G1,Napavine,NORTHWEST,1,Closed,157.8,25.08,1.01,YES,YES,0,200,-50,50,None,200
47589,CHEH G2,Napavine,NORTHWEST,2,Closed,157.8,25.08,1.01,YES,YES,0,200,-50,50,None,200
47590,CHEH S1,Napavine,NORTHWEST,1,Closed,197.2,33.77,1.01,YES,YES,0,240,-82,123,None,240
47596,GRYHB G1,Grays Harbor Energy Facility,NORTHWEST,1,Closed,179.4,-80,1,YES,YES,0,198.9,-80,123.3,None,198.9
47597,GRYHB G2,Grays Harbor Energy Facility,NORTHWEST,1,Closed,179.4,-80,1,YES,YES,0,198.9,-80,123.3,None,198.9
47598,GRYHB S1,Grays Harbor Energy Facility,NORTHWEST,1,Closed,260.1,-100,1,YES,YES,0,317.1,-100,196.5,None,317.1
47639,HPP G1,Hermiston Power Project,NORTHWEST,1,Closed,194.4,-6.52,1.01,YES,YES,0,217,-75,95,None,217
47640,HPP G2,Hermiston Power Project,NORTHWEST,1,Closed,194.4,-6.52,1.01,YES,YES,0,217,-75,95,None,217
47641,HPP S1,Hermiston Power Project,NORTHWEST,1,Closed,168.4,-8.18,1.01,YES,YES,0,189,-75,95,None,189
47660,KLAM ADD,COB Energy Facility,NORTHWEST,1,Closed,49.8,-2.38,1.04,YES,YES,0,50,-15.5,15.5,None,50
47660,KLAM ADD,COB Energy Facility,NORTHWEST,2,Closed,49.8,-2.38,1.04,YES,YES,0,50,-15.5,15.5,None,50
47675,MNTFRM G,Mint Farm Energy Center LLC,NORTHWEST,1,Closed,160,-68.3,1.02,YES,YES,0,186.2,-68.3,115.4,None,186.2
47676,MNTFRM S,Mint Farm Energy Center LLC,NORTHWEST,1,Closed,75,-47.3,1.02,YES,YES,0,134,-47.3,83,None,134
47687,GEP G1,Goodnoe Hills East,NORTHWEST,1,Closed,167.6,-29.08,1.02,YES,YES,0,206,-80,125,None,206
47688,GEC S1,Goodnoe Hills East,NORTHWEST,1,Closed,78.9,-30,1.02,YES,YES,0,97,-30,60,None,97
47740,CENTR G1,Centralia Switching Station,NORTHWEST,1,Closed,712,138.89,1.08,YES,YES,0,742,-138.89,138.89,None,742
47744,CENTR G2,Centralia Switching Station,NORTHWEST,2,Closed,712,138.89,1.08,YES,YES,0,742,-138.89,138.89,None,742
48061,CABGOR12,Cabinet Gorge,NORTHWEST,1,Closed,55,3.69,1.0478,YES,YES,0,65.9,-8.5,31.7,None,65.9
48061,CABGOR12,Cabinet Gorge,NORTHWEST,2,Closed,65,3.69,1.0478,YES,YES,0,76.9,-24,18.7,None,76.9
48063,CABGOR34,Cabinet Gorge,NORTHWEST,3,Closed,65,3.69,1.0478,YES,YES,0,78.2,-5.3,16.3,None,78.2
48063,CABGOR34,Cabinet Gorge,NORTHWEST,4,Open,0,0,1.0478,YES,YES,0,66.3,-7.2,27.8,None,66.3
48173,KETTLEAV,Kettle Falls,NORTHWEST,1,Closed,45,-2.29,1.0087,YES,YES,10,46,-4.8,10.3,None,46
48173,KETTLEAV,Kettle Falls,NORTHWEST,2,Closed,7,0,1.0087,YES,YES,0,7.2,0,0,None,7.2
48285,NOXON12,Noxon Rapids,NORTHWEST,1,Closed,100,0.83,1.0478,YES,YES,0,114,-31,42,None,114
48285,NOXON12,Noxon Rapids,NORTHWEST,2,Closed,100,0.83,1.0478,YES,YES,0,113.2,-18,30,None,113.2
48287,NOXON34,Noxon Rapids,NORTHWEST,3,Closed,100,19.37,1.0478,YES,YES,0,120,-16,44,None,120
48287,NOXON34,Noxon Rapids,NORTHWEST,4,Closed,100,19.37,1.0478,YES,YES,0,116,-11,25,None,116
48516,COYO G2,Coyote Springs,NORTHWEST,1,Closed,160,14.07,1,YES,YES,0,169.8,-40.9,83.3,None,169.8
48518,COYO S2,Coyote Springs,NORTHWEST,1,Closed,100,9.49,1,YES,YES,0,116.2,-19.3,52.1,None,116.2
50500,GMS 13G6,Gordon M. Shrum,B.C.HYDRO,6,Closed,284.01,-19.78,0.9965,YES,YES,0,305,-100.1,100.1,None,305
50501,GMS 13G7,Gordon M. Shrum,B.C.HYDRO,7,Closed,284.01,-19.85,0.99673,YES,YES,0,305,-100.1,100.1,None,305
50502,GMS 13G8,Gordon M. Shrum,B.C.HYDRO,8,Closed,284.01,-19.86,0.99679,YES,YES,0,305,-100.1,100.1,None,305
50504,GMS13G10,Gordon M. Shrum,B.C.HYDRO,10,Closed,284.01,-19.74,0.99723,YES,YES,0,305,-133.76,72.29,None,305
50637,MCA 16G1,Mica,B.C.HYDRO,1,Closed,445.49,-0.04,1.03015,YES,YES,0,492,-165,165,None,492
50638,MCA 16G2,Mica,B.C.HYDRO,2,Closed,445.49,-0.06,1.03009,YES,YES,0,492,-165,165,None,492
50639,MCA 16G3,Mica,B.C.HYDRO,3,Closed,446.85,-0.08,1.03008,YES,YES,0,493.5,-165,165,None,493.5
50640,MCA 16G4,Mica,B.C.HYDRO,4,Closed,446.85,-0.04,1.02996,YES,YES,0,493.5,-165,165,None,493.5
50644,REV 13G1,Revelstoke,B.C.HYDRO,1,Closed,426.51,-21.21,1.0112,YES,YES,0,500,-250.99,164.34,None,500
50645,REV 13G2,Revelstoke,B.C.HYDRO,2,Closed,333.77,-36.62,1.01122,YES,YES,0,500,-239.33,153.8,None,500
50646,REV 13G3,Revelstoke,B.C.HYDRO,3,Closed,426.51,-21.31,1.01131,YES,YES,0,500,-228.38,139.87,None,500
50647,REV 13G4,Revelstoke,B.C.HYDRO,4,Closed,426.51,-21.31,1.0113,YES,YES,0,500,-245.08,154.9,None,500
51032,REV 16G5,Revelstoke,B.C.HYDRO,5,Closed,431.11,-22.21,1.0117,YES,YES,0,505.4,-166.12,166.12,None,505.4
54130,SUND#3GN,Sundance,ALBERTA,3,Closed,360.8,-84.34,0.984,YES,YES,155.5,380,-123,181,None,380
54342,SUND#4GN,Sundance,ALBERTA,4A,Closed,406.7,123.32,0.987,YES,YES,169,430,-123,181,None,430
54345,SUND#5GN,Sundance,ALBERTA,5A,Closed,389.9,149.3,0.995,YES,YES,150,435.4,-123,181,None,435.4
54350,SUND#6GN,Sundance,ALBERTA,6A,Closed,399.3,109.48,0.988,YES,YES,150,425,-50,210,None,425
54403,KEEP#3GN,Keephills,ALBERTA,3,Closed,468.7,123.69,1.035,YES,YES,142,498,-99.9,310.4,None,498
54422,KEEP#1GN,Keephills,ALBERTA,1A,Closed,397.4,94.91,1,YES,YES,164,415,-110,208,None,415
54424,KEEP#2GN,Keephills,ALBERTA,2A,Closed,395.7,94.38,1,YES,YES,199,415,-110,208,None,415
54490,GENES 39,Genesee,ALBERTA,3,Closed,474.7,109.58,1.011,YES,YES,142,527.4,-173.3,255.4,None,527.4
54491,GENES 19,Genesee,ALBERTA,1,Closed,407.5,41.77,1.007,YES,YES,123.6,422,-34.4,138.4,None,422
54492,GENES 29,Genesee,ALBERTA,2A,Closed,408.8,42.99,1.01,YES,YES,200,422,-112,208,None,422
55482,SHEER 1,Sheerness,ALBERTA,1,Closed,363.1,-42.81,1.03,YES,YES,143.88,408,-126,178.8,None,408
55487,SHEER 29,Sheerness,ALBERTA,2,Closed,380.2,-40.23,1.03,YES,YES,143.88,408,-116.6,179.7,None,408
55497,BAT #5,Battle River,ALBERTA,5,Closed,376.1,-42.23,1,YES,YES,140,407,-98.2,157.7,None,407
65191,BONANZA,Bonanza,PACE,1,Closed,485,-6.44,1.025,YES,YES,220,490,-70,146,None,490
65386,BRIDGER1,,PACE,1,Closed,555,0.4,1.05,YES,YES,200,557,-130,210,None,557
65387,BRIDGER2,,PACE,1,Closed,554,0.37,1.05,YES,YES,200,557,-130,210,None,557
65388,BRIDGER3,,PACE,1,Closed,550,0.37,1.05,YES,YES,200,557,-130,210,None,557
65389,BRIDGER4,,PACE,1,Closed,550,0.4,1.05,YES,YES,200,557,-130,210,None,557
65445,DAVEJON4,Johnston,PACE,1,Closed,345,13.31,1.025,YES,YES,203,347.2,-110,170,None,347.2
65490,EHUNTR 1,Hunter Plant,PACE,1,Closed,470,28.37,1.037,YES,YES,200,474,-80,205,None,474
65495,EHUNTR 2,Hunter Plant,PACE,1,Closed,470,28.37,1.037,YES,YES,200,474,-80,205,None,474
65500,EHUNTR 3,Hunter Plant,PACE,1,Closed,495,26.7,1.037,YES,YES,200,500.5,-85,165,None,500.5
65795,HUNTN G1,Huntington,PACE,1,Closed,243,-14.78,1.032,YES,YES,243,495,-125,212.1,None,495
65800,HUNTN G2,Huntington,PACE,1,Closed,248,-3.24,1.032,YES,YES,248,485,-152,218,None,485
66065,NAUGT G3,Naughton,PACE,1,Closed,348,-14.26,1.038,YES,YES,189,350,-100,152,None,350
66730,WYODAK 1,Wyodak,PACE,1,Closed,375,38.01,1.02,YES,YES,207,380,-110,125,None,380
70106,CHEROK4,Cherokee (PSCO),PSCOLORADO,C4,Closed,360,164.92,1.01,YES,YES,150,383,-100,250,None,383
70119,COMAN_1,Comanche,PSCOLORADO,C1,Closed,350,61.91,0.97,YES,YES,200,360,-31,127,None,360
70120,COMAN_2,Comanche,PSCOLORADO,C2,Closed,355,16.61,0.96,YES,YES,200,365,-30,49,None,365
70310,PAWNEE,Pawnee,PSCOLORADO,C1,Closed,505,105.58,0.99,YES,YES,300,536,-130,280,None,536
70350,RAWHIDE,Rawhide,PSCOLORADO,C1,Closed,300,27.14,1,YES,YES,45,304,-110,135,None,304
70409,ST.VRAIN,Fort St. Vrain,PSCOLORADO,G1,Closed,260,-0.78,0.98,YES,YES,35,312,-80,165,None,312
70591,RMEC3,Rocky Mountain Energy Center,PSCOLORADO,G3,Closed,160,36.05,0.98,YES,YES,17,303,-77,198,None,303
70777,COMAN_3,Comanche,PSCOLORADO,C3,Closed,800,169.12,1,YES,YES,330,805,-80,560,None,805
72500,SPR GEN3,,WAPA R.M.,1,Closed,430,55.56,1.038,YES,YES,165,430,-160,200,None,430
73129,MBPP-1,Laramie River,WAPA R.M.,1,Closed,278.44,60.72,1.03,YES,YES,0,605,-160,275,None,605
73130,MBPP-2,Laramie River,WAPA R.M.,1,Closed,600,60.72,1.03,YES,YES,0,605,-160,275,None,605
76404,DRYFORK,Dry Fork Station,WAPA R.M.,1,Closed,425,108.01,1.02,YES,YES,0,440,-138,260,None,440
79015,CRAIG 1,Craig (TSGT),WAPA R.M.,1,Closed,451,9.45,1.02,YES,YES,0,470,-216,216,None,470
79016,CRAIG 2,Craig (TSGT),WAPA R.M.,1,Closed,451,9.45,1.02,YES,YES,0,470,-216,216,None,470
79017,CRAIG 3,Craig (TSGT),WAPA R.M.,1,Closed,433,-32,1.02,YES,YES,120,433.8,-32,145,None,433.8
79150,GLENC1-2,Glen Canyon,ARIZONA,1,Closed,120,14.52,1.02,YES,YES,0,165,-45,52,None,165
79150,GLENC1-2,Glen Canyon,ARIZONA,2,Closed,120,14.52,1.02,YES,YES,0,157,-42,46,None,157
79151,GLENC3-4,Glen Canyon,ARIZONA,3,Closed,120,-8.44,1,YES,YES,0,165,-48,48,None,165
79151,GLENC3-4,Glen Canyon,ARIZONA,4,Closed,0,-8.44,1,YES,YES,0,157,-42,44,None,157
79152,GLENC5-6,Glen Canyon,ARIZONA,5,Closed,120,-8.39,1,YES,YES,0,165,-48,50,None,165
79152,GLENC5-6,Glen Canyon,ARIZONA,6,Closed,0,-8.39,1,YES,YES,0,165,-46,50,None,165
623501,COLSTRIP GN1,,MONTANA,1,Closed,330,49.7,1.08,YES,YES,140,330,-115,115,None,330
623502,COLSTRIP GN2,,MONTANA,1,Closed,330,49.7,1.08,YES,YES,140,330,-115,115,None,330
623503,COLSTRIP GN3,,MONTANA,1,Closed,797.68,111.67,1.08,YES,YES,210,823,-270.7,270.7,None,823
623504,COLSTRIP GN4,,MONTANA,1,Closed,805,111.67,1.08,YES,YES,210,823,-270.7,270.7,None,823
