Substation,,,,,,,,,,,,,,
Sub Num,Sub Name,Sub ID,Area Name,Zone Name,# of Buses,Nominal kV(max),Latitude,Longitude,Gen MW,Gen Mvar,Load MW,Load Mvar,Shunt MW,Shunt Mvar
2000002,Andrew York,Sub2000002,NORTHWEST,Central Washington,1,230,,,,,,,106.03,-41.1
3477941,Lion Mountain,3477941,NORTHWEST,Western Montana,1,230,48.1,-114.25,1,0,51.1,16.8,,
12324430,Montana One,12324430,,,0,0,46.06,-106.61,,,,,,
25000019,Greenbry,25000019,NORTHWEST,Lower Columbia Basin,1,500,44.38,-123.11,,,,,,
25000149,Springville,25000149,NORTHWEST,Portland General - BES NODE,1,230,45.81,-122.72,,,,,,
25000792,Bose,25000792,,,0,0,32.54,-114.63,,,,,,
25000882,SLR,25000882,,,0,0,31.96,-115.38,,,,,,
25000910,Silicon,25000910,NORTHWEST,"Grant County, WA",2,230,47.21,-119.23,,,51.55,14.22,,
25000918,Parish Gap,25000918,NORTHWEST,PAC:WLMT,1,230,44.73,-122.83,,,,,52.84,-12.23
25052252,Tasman,25052252,,,0,0,37.48,-121.89,,,,,,
25052692,Butler Creek,25052692,,,0,0,46.89,-114.41,,,,,,
25052740,Fish Creek,25052740,,,0,0,46.25,-109.45,,,,,,
25052815,Placid Lake,25052815,,,0,0,47.03,-113.62,,,,,,
25052859,Thumberry,25052859,,,0,0,41.24,-122.19,,,,,,
25052985,Stillwater,25052985,,,0,0,40.18,-105.84,,,,,,
30004005,Linneman,30004005,NORTHWEST,Portland General - BES S/S,1,230,45.5,-122.42,,,,,113.72,0.5
30004006,Blue Lake,30004006,NORTHWEST,Portland General - BES S/S,1,230,45.59,-122.49,,,,,208.63,-27.25
30004008,Monitor,30004008,NORTHWEST,Portland General - BES S/S,1,230,45.18,-122.67,,,,,84.1,-0.11
30004092,Mattawa,30004092,NORTHWEST,"Grant County, WA",1,230,46.79,-119.96,,,17.83,0.8,,
30004101,Hew,30004101,NORTHWEST,Lower Columbia Basin,2,230,46.52,-119.54,,,,,,
30004107,Marcola,30004107,NORTHWEST,Western Oregon,2,230,44.19,-122.84,,,11.6,3.8,,
30004129,Baldi,30004129,NORTHWEST,S.KINGI,1,230,47.21,-121.69,,,1.04,0.69,,
30004132,Klahanie,30004132,NORTHWEST,N.KING,2,230,47.57,-122.12,,,23.65,0.41,,
30004298,Horseranch,30004298,NORTHWEST,N.KING,5,230,48,-122.11,,,,,,
30004317,DAE,30004317,,,0,0,32.43,-115.06,,,,,,
30004351,Terrell Creek,30004351,NORTHWEST,WHATCOM,4,115,48.83,-122.53,267.2,134.06,,,129.64,-24.48
30004496,Novelty,30004496,NORTHWEST,"Seattle Area, Olympic Peninsula",2,230,47.69,-121.85,,,,,249.74,-56.41
30004598,Simpson,30004598,NORTHWEST,Tacoma Power - General,2,115,47.29,-122.33,64,0,47.2,11.8,433.37,-37.01
30004744,Port Lud,30004744,,,0,0,47.93,-122.71,,,,,,
30004745,Kearney,30004745,,,0,0,48.1,-122.84,,,,,,
30004746,Hastings,30004746,,,0,0,48.12,-122.83,,,,,,
30004948,Gold Creek,30004948,,,0,0,46.47,-112.76,,,,,,
30004965,Verona,30004965,,,0,0,48.14,-110.74,,,,,,
30004967,Malmstrom,30004967,,,0,0,47.49,-111.15,,,,,,
30004969,Nornford Pump,30004969,,,0,0,47.42,-110.79,,,,,,
30004986,Clancy,30004986,,,0,0,46.51,-111.85,,,,,,
30004997,Morel,30004997,,,0,0,46.18,-112.81,,,,,,
30005004,Cobblestone,30005004,,,0,0,45.7,-111.89,,,,,,
30005009,Mayflower,30005009,,,0,0,45.83,-112.45,,,,,,
30005035,Grand Avenue,30005035,,,0,0,45.78,-108.63,,,,,,
30005176,Lone Tree,30005176,,,0,0,40.42,-105.04,,,,,,
30005224,Fairview,30005224,,,0,0,38.82,-104.9,,,,,,
30005566,Cal Gen,30005566,,,0,0,35.86,-117.86,,,,,,
30005786,EMND,30005786,,,0,0,31.43,-116.5,,,,,,
30050385,Zinzer,30050385,,,0,0,37.55,-106.09,,,,,,
30050805,Fairview,30050805,,,0,0,46.5,-122.97,,,,,,
32000005,Sonora,32000005,,,0,0,32.72,-114.52,,,,,,
32000111,Duck,32000111,,,0,0,45.85,-110.29,,,,,,
32000112,Elmar,32000112,,,0,0,46.89,-114.12,,,,,,
32000113,Front,32000113,,,0,0,46.85,-109.94,,,,,,
32000114,Shiloh,32000114,,,0,0,45.77,-108.61,,,,,,
32000115,Stillwater,32000115,,,0,0,45.81,-109.33,,,,,,
32000119,Hackamore,32000119,,,0,0,41.57,-121.08,,,,,,
32000255,Sulphur,32000255,NORTHWEST,Lower Columbia Basin,1,230,46.33,-119.94,,,,,87.98,8.62
32008816,Jones Canyon,32008816,NORTHWEST,Lower Columbia Basin,1,230,45.65,-120.14,,,,,0.01,28.58
32008844,Dry Creek,32008844,,,0,0,51.28,-114,,,,,,
32008871,Keenesburg,32008871,,,0,0,40.1,-104.56,,,,,,
32008880,Lakeside,32008880,NORTHWEST,Western Montana,1,230,47.92,-114.27,,,7.6,2.5,,
32008906,Spring Creek,32008906,NORTHWEST,Lower Columbia Basin,1,230,45.86,-120.5,,,,,,
32008920,Wind Ridge,32008920,NORTHWEST,N.KING,1,230,47.02,-120.19,,,,,19.31,-45.12
32008950,Rock Creek,32008950,NORTHWEST,Lower Columbia Basin,2,500,45.91,-120.61,,,,,0,0
32008973,Terre View,32008973,,,0,0,46.81,-117.13,,,,,,
52000065,WF-EQ,No idea,,,0,0,32.57,-114.68,,,,,,
52000096,Schnebly,Found Coulee,NORTHWEST,N.KING,1,230,46.94,-119.99,,,,,0,2.89
52000097,Poison Spring,Found Road,NORTHWEST,N.KING,1,230,46.95,-120.23,,,,,,
52000098,Linden,No idea,NORTHWEST,Lower Columbia Basin,2,230,45.75,-120.61,,,,,0,9.28
52000101,Fidler,No idea,,,0,0,49.66,-113.74,,,,,,
52000115,Wood Creek,no idea,,,0,0,45.81,-120.16,,,,,,
52000116,Juniper,No idea,NORTHWEST,Lower Columbia Basin,1,230,45.9,-120.27,,,,,0,-6.24
52000117,Antelope Rd.,No idea,,,0,0,45.32,-118.19,,,,,,
52000118,Central Ferry,Found Sub,NORTHWEST,Southeast Washington,2,500,46.6,-117.81,,,,,0,0
52000119,Phalen Gulcn,Found Sub,NORTHWEST,Southeast Washington,1,230,46.57,-117.83,,,,,0,6.99
52000120,Dodge Junction,Found Junction Town,NORTHWEST,Southeast Washington,1,230,46.52,-117.82,,,,,0,8.63
52000131,Knight,Found on WECC map,NORTHWEST,Portland Area,3,500,46.1,-120.86,,,,,,
52000159,Mont.,No idea,,,0,0,45.68,-120.14,,,,,,
52000171,Norpac,No idea,NORTHWEST,"Cowlitz County, WA",2,230,46.16,-123.01,,,193.6,94.9,0,56.69
52000184,Jump Creek,Sub52000184,,,0,0,51.2,-114.39,,,,,,
52000197,High,No idea,,,0,0,55.06,-116.42,,,,,,
52000205,Dupont,No idea,,,0,0,32.8,-114.45,,,,,,
52000248,Mat Wind,No idea,,,0,0,48.72,-112.23,,,,,,
52000254,Highwood,No idea,,,0,0,47.58,-110.79,,,,,,
52000255,Hillcrest,No idea,,,0,0,45.69,-108.58,,,,,,
52000256,Groveland,Found City,,,0,0,46.43,-110.39,,,,,,
52000257,Garden,No idea,,,0,0,46.4,-110.52,,,,,,
52000314,Lake,No idea,,,0,0,55.4,-111.62,,,,,,
52000372,Meadowlark,No idea,,,0,0,33.07,-117.14,,,,,,
52000381,Dogrib,No idea,,,0,0,56.86,-111.61,,,,,,
64000007,Miller,64000007,NORTHWEST,Lower Columbia Basin,1,230,45.89,-120.46,,,,,,
64000052,Blanco/Turly,64000052,,,0,0,36.73,-107.8,,,,,,
101270920,Cruz Alta (evi),1.01271E+12,,,0,0,36.39,-105.58,,,,,,
140020935,Palm Valley (evi),1.40021E+12,,,0,0,33.48,-112.43,,,,,,
140800901,Pinal Central- Abel (evi),1.40801E+12,,,0,0,33.15,-111.47,,,,,,
180230920,Spectrum Nevada Solar Plant (evi),1.80231E+12,,,0,0,36.23,-114.87,,,,,,
201110935,VPU (evi),2.01111E+12,,,0,0,32.33,-115.34,,,,,,
201110940,SMN (evi),2.01111E+12,,,0,0,30.49,-116.12,,,,,,
210160901,Panno (evi),2.10161E+12,,,0,0,32.96,-115.56,,,,,,
240010901,Wildlife (evi),2.40011E+12,,,0,0,33.96,-117.45,,,,,,
240740910,Colorado River (evi),2.40741E+12,,,0,0,33.61,-114.8,,,,,,
240740920,Wilderness (evi),2.40741E+12,,,0,0,33.96,-117.45,,,,,,
240740930,San Bernardino (evi),2.40741E+12,,,0,0,34.08,-117.24,,,,,,
240740955,Red Bluff (evi),2.40741E+12,,,0,0,33.7,-115.32,,,,,,
240740960,Kingbird Avenue Photovoltaic (AVPV) (evi),2.40741E+12,,,0,0,34.83,-118.41,,,,,,
240740965,Soleil (evi),2.40741E+12,,,0,0,34.94,-118.34,,,,,,
240740970,McCoy Solar Energy Project (evi),2.40741E+12,,,0,0,33.77,-114.75,,,,,,
240740975,Desert Harvest Solar Farm (evi),2.40741E+12,,,0,0,33.81,-115.4,,,,,,
240740980,NRG Alpine Solar Project (evi),2.40741E+12,,,0,0,34.8,-118.52,,,,,,
240740985,Dawn (Rosamond One) (evi),2.40741E+12,,,0,0,34.91,-118.26,,,,,,
240740990,Twilight (Rosamond Two) (evi),2.40741E+12,,,0,0,34.91,-118.26,,,,,,
247400901,Alta East (evi) (Sun Creek),2.47401E+12,,,0,0,35.04,-118.28,,,,,,
247400920,Alba Generation (evi) (Abengoa Alpha),2.47401E+12,,,0,0,35.02,-117.35,,,,,,
247400925,Ocaso Generation (evi) (Abengoa Beta),2.47401E+12,,,0,0,35.01,-117.32,,,,,,
261220901,Harper Lake (evi),2.61221E+12,,,0,0,35.03,-117.35,,,,,,
303340935,Mountain House (evi),3.03341E+12,,,0,0,37.8,-121.58,,,,,,
303600915,Collinsville (evi),3.03601E+12,,,0,0,38.12,-121.83,,,,,,
337405809,Aberdeen,3337405809,NORTHWEST,"Seattle Area, Olympic Peninsula",2,230,46.98,-123.85,,,,,300.51,-69.49
337405870,Addy,3337405870,NORTHWEST,"Spokane Area, N Idaho, W Montana",2,230,48.33,-117.83,,,,,54.1,-12.63
337405874,Adel-Sieben,3337405874,,,0,0,47.13,-111.52,,,,,,
337405901,AES Alamitos,3337405901,SOCALIF,SCE Los Angeles Basin 230kV,1,18,33.77,-118.1,127.48,105.23,,,363.9,-93.99
337406029,Albany,3337406029,NORTHWEST,Western Oregon,1,230,44.62,-123.13,,,,,216.67,-130.01
337406047,Alberton,3337406047,,,0,0,46.99,-114.51,,,,,,
337406065,Alcoa,3337406065,NORTHWEST,Portland Area,1,230,45.65,-122.73,,,,,116.8,-92.92
337406092,Alfalfa,3337406092,NORTHWEST,Lower Columbia Basin,1,230,46.3,-120.22,,,2.6,0.6,,
337406106,Alkali Cr.,3337406106,,,0,0,45.83,-108.53,,,,,,
337406167,Allston,3337406167,NORTHWEST,Portland Area,3,500,46.11,-123.03,,,,,192.03,27.84
337406231,Alvey,3337406231,NORTHWEST,Western Oregon,3,500,44,-123.01,,,,,318.53,-199.54
337406240,Amax of Canada,3337406240,,,0,0,55.44,-129.51,,,,,,
337406297,Anaconda,3337406297,,,0,0,46.1,-112.88,,,,,,
337406298,Anaconda City,3337406298,,,0,0,46.13,-112.95,,,,,,
337406299,Anaconda Mill Creek,3337406299,NORTHWEST,Western Montana,1,230,46.11,-112.88,,,,,441.24,78.76
337406462,Arden,3337406462,NEVADA,ZoneN1,1,21,36.01,-115.21,109,57.78,19.8,8.63,73.65,-31.97
337406571,Ashe,3337406571,NORTHWEST,Lower Columbia Basin,14,500,46.48,-119.33,1151.2,-114.02,98.5,51.9,0,70.98
337406946,Base Line,3337406946,,,0,0,45.78,-108.7,,,,,,
337406955,Basin Creek Power,3337406955,,,0,0,45.93,-112.52,,,,,,
337406992,Battle River,3337406992,ALBERTA,AIES-Alliance/Battle River,1,21,52.47,-112.14,376.1,-55.54,18.7,9.4,133.35,31.31
337407067,Beacon (Spokane),3337407067,NORTHWEST,AVA: Spokane,2,230,47.68,-117.34,,,,,376.84,-224.36
337407093,Bears Ears,3337407093,,,0,0,40.51,-107.59,,,,,,
337407116,Beaver,3337407116,NORTHWEST,Portland General - Generation,3,230,46.16,-123.14,465,51.04,,,1.49,-1.25
337407118,Beaver,3337407118,NORTHWEST,Western Montana,1,500,45.28,-123.82,,,,,,
337407190,Belgrade (proposed 2005),3337407190,,,0,0,45.73,-111.21,,,,,,
337407193,Bell,3337407193,NORTHWEST,"Spokane Area, N Idaho, W Montana",8,500,47.75,-117.37,,,1,0.5,205.36,-15
337407237,Bellingham Division,3337407237,NORTHWEST,"Seattle Area, Olympic Peninsula",1,230,48.8,-122.42,,,,,40.37,10.36
337407263,Belt,3337407263,,,0,0,47.39,-110.95,,,,,,
337407281,Benchland,3337407281,,,0,0,47.04,-110.1,,,,,,
337407283,Benewah,3337407283,NORTHWEST,AVA: Palouse,1,230,47.35,-117.03,,,,,58.35,-7.6
337407300,Benton,3337407300,NORTHWEST,Lower Columbia Basin,1,230,46.46,-119.27,,,,,153.04,-73.91
337407368,Bethel (PGE),3337407368,NORTHWEST,Portland General - BES S/S,1,230,44.97,-122.91,,,,,241,-84.03
337407430,Big Eddy,3337407430,NORTHWEST,Lower Columbia Basin,11,500,45.61,-121.11,,,,,97.92,242.18
337407440,Big Horn Wind (PPM),3337407440,NORTHWEST,Lower Columbia Basin,1,230,45.83,-120.74,,,,,0,6.09
337407472,Big Timber Auto,3337407472,,,0,0,45.87,-109.96,,,,,,
337407483,Billings - Rimrock,3337407483,,,0,0,45.81,-108.49,,,,,,
337407484,Billings 8th St,3337407484,,,0,0,45.77,-108.54,,,,,,
337407485,Billings Bellrock,3337407485,,,0,0,45.78,-108.57,,,,,,
337407486,Billings City,3337407486,,,0,0,45.78,-108.5,,,,,,
337407488,Billings Eastside,3337407488,,,0,0,45.79,-108.49,,,,,,
337407490,Billings King Ave,3337407490,,,0,0,45.75,-108.58,,,,,,
337407491,Billings Meridian,3337407491,,,0,0,45.78,-108.63,,,,,,
337407492,Billings Steam Plant Switchyard,3337407492,,,0,0,45.77,-108.48,,,,,,
337407556,Black Eagle,3337407556,,,0,0,47.52,-111.26,,,,,,
337407699,Blue River,3337407699,,,0,0,52.11,-119.29,,,,,,
337407727,Boardman (PGE),3337407727,NORTHWEST,Lower Columbia Basin,5,500,45.69,-119.81,612,-78.96,30,15,189.31,-65.27
337407754,Bole,3337407754,,,0,0,47.7,-111.94,,,,,,
337407771,Bonanza,3337407771,PACE,UT DG&T,2,138,40.09,-109.29,485,-6.32,30.23,19.61,282.34,96.15
337407782,Bonner,3337407782,,,0,0,46.91,-113.97,,,,,,
337407786,Bonneville,3337407786,NORTHWEST,Portland Area,16,230,45.64,-121.94,1090.2,198.75,,,157.23,-7.96
337407825,Bothell,3337407825,NORTHWEST,Seattle City Light,3,230,47.86,-122.18,,,,,617.21,-40.48
337407831,Boulder,3337407831,,,0,0,46.21,-112.12,,,,,,
337407839,Boulder Park,3337407839,NORTHWEST,AVA: Spokane,1,230,47.7,-117.15,,,,,238.37,-44.48
337407846,Boundary,3337407846,NORTHWEST,Seattle City Light,12,230,48.98,-117.36,567.35,84.97,,,-632.44,179.05
337407895,Bozeman East Gallatin Auto,3337407895,,,0,0,45.69,-111.01,,,,,,
337407915,Bradley Creek,3337407915,,,0,0,45.49,-111.63,,,,,,
337408002,Bridger Auto,3337408002,,,0,0,45.32,-108.86,,,,,,
337408052,Broadview,3337408052,,,0,0,46.06,-108.85,,,,,,
337408053,Broadwater Power Project,3337408053,,,0,0,46.12,-111.41,,,,,,
337408209,Buckley,3337408209,NORTHWEST,Lower Columbia Basin,2,500,45.23,-120.9,,,,,,
337408315,Burns,3337408315,NORTHWEST,Southern Oregon,2,500,43.68,-118.77,,,,,27.26,-332.41
337408361,Butte,3337408361,,,0,0,46,-112.53,,,,,,
337408364,Butte Barge Pump,3337408364,,,0,0,46.03,-112.5,,,,,,
337408365,Butte Concentrator,3337408365,,,0,0,46.01,-112.5,,,,,,
337408366,Butte Continental Drive,3337408366,,,0,0,45.98,-112.49,,,,,,
337408367,Butte Corra,3337408367,,,0,0,46.03,-112.53,,,,,,
337408368,Butte Crusher,3337408368,,,0,0,46.01,-112.51,,,,,,
337408370,Butte Industrial Park,3337408370,,,0,0,45.93,-112.5,,,,,,
337408371,Butte MHD,3337408371,,,0,0,45.93,-112.51,,,,,,
337408372,Butte Montana Street,3337408372,,,0,0,45.99,-112.54,,,,,,
337408373,Butte Pacific Street,3337408373,,,0,0,46.02,-112.54,,,,,,
337408375,Butte Precipitator,3337408375,,,0,0,46.01,-112.5,,,,,,
337408376,Butte Tailings Booster (McQueen),3337408376,,,0,0,46.01,-112.49,,,,,,
337408422,Cabinet Gorge,3337408422,NORTHWEST,AVA: Coeur D'Alene,3,230,48.09,-116.06,185,18.19,,,55.87,20.79
337408462,Calapooya,3337408462,NORTHWEST,PAC:JCTN,1,230,44.38,-123.01,,,,,13.2,-4.6
337408525,Camas,3337408525,NORTHWEST,PAC:PTLD,1,69,45.58,-122.38,11,21,49.1,23.9,54.22,-38.15
337408606,Canby 2,3337408606,NORTHWEST,Southern Oregon,2,230,41.44,-120.88,,,,,4.03,-1.37
337408660,Canyon Ferry,3337408660,,,0,0,46.65,-111.73,,,,,,
337408690,Captain Jack,3337408690,NORTHWEST,Southern Oregon,7,500,42.08,-121.39,,,,,-16.03,58.21
337408757,Carlton,3337408757,NORTHWEST,Portland Area,1,230,45.28,-123.15,,,,,195.85,-31.51
337408764,Carmen Smith,3337408764,NORTHWEST,"Eugene, OR",1,11.5,44.34,-122,56.1,2.76,,,13.79,3.71
337408809,Carson,3337408809,,,0,0,45.72,-121.8,,,,,,
337408830,Carver,3337408830,NORTHWEST,Portland General - BES S/S,1,230,45.4,-122.53,,,,,362.09,-26.01
337408843,Cascade,3337408843,NORTHWEST,N.KING,1,230,37.53,-107.79,,,,,26.52,-6.9
337408877,Castle Rock,3337408877,,,0,0,45.84,-106.7,,,,,,
337408977,Celilo Dc Converter Station,3337408977,NORTHWEST,Lower Columbia Basin,4,500,45.6,-121.11,,,,,0,885.95
337408981,Cenex,3337408981,,,0,0,45.61,-108.83,,,,,,
337409051,Centralia Switching Station,3337409051,NORTHWEST,"Seattle Area, Olympic Peninsula",6,500,46.73,-122.84,1424,277.78,0,0,80.97,-57.56
337409201,Chehalis,3337409201,NORTHWEST,"Seattle Area, Olympic Peninsula",2,230,46.62,-122.92,,,,,228.84,-46.15
337409204,Chelan,3337409204,NORTHWEST,Central Washington,2,115,47.81,-119.99,60,25.34,1.8,0.6,143.89,7.53
337409209,Chemawa,3337409209,NORTHWEST,Portland Area,1,230,45.01,-123,,,,,166.72,173.88
337409220,Chenoweth,3337409220,NORTHWEST,Lower Columbia Basin,1,230,45.64,-121.2,,,,,65.08,-86.01
337409223,Cherokee (PSCO),3337409223,PSCOLORADO,ZoneRD,1,22,39.81,-104.97,360,164.86,31,27.09,768.89,-130.2
337409315,Chief Joseph,3337409315,NORTHWEST,Central Washington,26,500,47.99,-119.65,2184.5,363.12,,,0.21,48
337409332,Chiloquin,3337409332,NORTHWEST,PAC:KFAL,2,230,42.59,-121.84,,,,,21.21,6.71
337409370,Cholla,3337409370,ARIZONA,APS: N. AZ,1,22,34.94,-110.3,412,30.63,34,16.46,239.69,8.67
337409381,Christopher,3337409381,NORTHWEST,S.KING,1,230,47.29,-122.24,,,,,,
337409383,Chrome Junction,3337409383,,,0,0,45.35,-109.6,,,,,,
337409539,Clatsop,3337409539,NORTHWEST,Portland Area,1,230,46.14,-123.84,,,,,81.13,-28.36
337409622,Clinton,3337409622,,,0,0,46.75,-113.72,,,,,,
337409657,Clyde Park,3337409657,,,0,0,45.82,-110.57,,,,,,
337409704,Cochrane (PPLMON),3337409704,,,0,0,47.55,-111.15,,,,,,
337409756,Cold Springs,3337409756,NORTHWEST,Portland General - Industrial,1,230,45.89,-119.23,,,,,10.73,-8.33
337409856,Colstrip,3337409856,,,0,0,45.89,-106.61,,,,,,
337409867,Columbia,3337409867,NORTHWEST,Central Washington,1,230,47.29,-120.08,,,,,41.02,-22.39
337409874,Columbia Falls,3337409874,NORTHWEST,Western Montana,2,230,48.36,-114.14,,,,,70.55,-3.32
337409896,Columbus Rapelje Auto,3337409896,,,0,0,45.85,-109.31,,,,,,
337409906,Comanche,3337409906,PSCOLORADO,ZoneRS,3,27,38.27,-104.62,1505,246.97,103.71,103.33,1175.37,-97.11
337409954,Con Kelley,3337409954,NORTHWEST,Western Montana,1,230,48.39,-114.13,,,78,32.5,0,0
337409994,Conrad,3337409994,,,0,0,48.11,-111.92,,,,,,
337410033,Cool Water Coal Gasification,3337410033,,,0,0,35.03,-116.91,,,,,,
337410112,Coronado,3337410112,ARIZONA,SRP-TSW,2,22,34.58,-109.28,840,-56.27,77,47.7,446.54,-212.88
337410194,Cove,3337410194,NORTHWEST,PAC:C.OR,1,230,42.53,-111.8,,,,,55.2,-13.06
337410196,Cove,3337410196,,,0,0,40.33,-117.21,,,,,,
337410205,Covington,3337410205,NORTHWEST,"Seattle Area, Olympic Peninsula",6,500,47.35,-122.12,,,,,0,419.17
337410218,Cowlitz,3337410218,NORTHWEST,Tacoma Power - General,1,230,46.11,-122.94,,,,,230.11,-2.42
337410219,Cowlitz,3337410219,,,0,0,47.18,-122.37,,,,,,
337410221,Cowlitz Falls,3337410221,NORTHWEST,"Seattle Area, Olympic Peninsula",1,230,46.46,-122.1,39.8,17.68,,,,
337410234,Coyote Springs,3337410234,NORTHWEST,Portland General - BES S/S,6,500,45.85,-119.67,507.8,141.44,3.5,1.21,-0.53,17.23
337410259,Craig (TSGT),3337410259,WAPA R.M.,ZoneR4,5,345,40.47,-107.59,1335,-14.81,76.4,24.7,841.28,367.17
337410309,Creston,3337410309,NORTHWEST,Seattle City Light,1,230,47.51,-122.27,,,70.83,10.55,,
337410310,Creston,3337410310,,,0,0,47.77,-118.51,,,,,,
337410366,Crossover,3337410366,,,0,0,45.74,-107.7,,,,,,
337410378,Crow Creek,3337410378,,,0,0,46,-111.47,,,,,,
337410400,Crystal,3337410400,,,0,0,39.3,-107.21,,,,,,
337410468,Cushman 2,3337410468,NORTHWEST,Tacoma Power - General,1,12.6,47.37,-123.16,61,10.88,,,41.91,-20.36
337410469,Cusick,3337410469,NORTHWEST,"Spokane Area, N Idaho, W Montana",2,230,48.33,-117.37,,,,,0,0
337410472,Custer,3337410472,NORTHWEST,"Seattle Area, Olympic Peninsula",7,500,48.9,-122.62,,,,,5205.5,1084.77
337410474,Custer,3337410474,,,0,0,46.12,-107.51,,,,,,
337410535,Dalreed,3337410535,NORTHWEST,PAC:DALR,3,230,45.76,-120,,,5.41,1.91,,
337410710,Deer Lodge City,3337410710,,,0,0,46.38,-112.72,,,,,,
337410784,Delridge,3337410784,NORTHWEST,Seattle City Light,1,230,47.55,-122.37,,,141.26,21.05,,
337410791,Delta Energy Center (CPN),3337410791,PG AND E,Generation (Fossil & Non-peaker,1,24,38.02,-121.85,280,89.15,,,207.37,-95.56
337410875,Detroit,3337410875,NORTHWEST,Western Oregon,2,230,44.72,-122.25,51.8,-6.16,,,,
337410919,Diablo,3337410919,NORTHWEST,Seattle City Light,3,230,48.71,-121.13,155.04,11.39,,,,
337410920,Diablo,3337410920,,,0,0,31.81,-106.59,,,,,,
337410921,Diablo Canyon,3337410921,PG AND E,Generation (Nuclear),2,25,35.22,-120.85,2399,-4.66,100,51.24,968.62,250.15
337410927,Diamond Match,3337410927,,,0,0,47.13,-114.8,,,,,,
337410968,Dillon - Salmon,3337410968,,,0,0,45.24,-112.74,,,,,,
337410985,Divide,3337410985,,,0,0,39.02,-105.04,,,,,,
337411001,Dixonville,3337411001,NORTHWEST,PAC:ROSE,4,500,43.21,-123.24,,,,,109.25,-44.35
337411112,Douglas,3337411112,NORTHWEST,Central Washington,1,230,47.53,-120.29,,,,,39.16,-8.71
337411162,Driscoll,3337411162,NORTHWEST,Portland Area,2,230,46.15,-123.41,,,,,,
337411177,Drummond Pump,3337411177,,,0,0,46.64,-113.08,,,,,,
337411184,Dry Gulch,3337411184,NORTHWEST,AVA: Lewiston/Clarkston,1,230,46.4,-117.21,,,,,65.84,-4.51
337411293,Dutton,3337411293,,,0,0,47.85,-111.7,,,,,,
337411301,Duwamish,3337411301,NORTHWEST,Seattle City Light,2,230,47.51,-122.31,,,195.52,29.13,,
337411304,Dworshak,3337411304,NORTHWEST,Southeast Washington,4,500,46.51,-116.3,316,-45.55,,,57.94,-169.87
337411441,East Helena Switchyard,3337411441,,,0,0,46.59,-111.95,,,,,,
337411468,East Omak,3337411468,NORTHWEST,Central Washington,1,230,48.43,-119.5,,,,,115.53,-3.05
337411547,Eastpine,3337411547,NORTHWEST,Seattle City Light,1,230,47.61,-122.3,,,150.28,22.39,117.03,-29.31
337411550,Eastside,3337411550,,,0,0,36.07,-114.8,,,,,,
337411565,Echo Lake,3337411565,NORTHWEST,"Seattle Area, Olympic Peninsula",3,500,47.49,-121.87,,,,,0,752.38
337411652,El Capitan,3337411652,,,0,0,37.34,-120.51,,,,,,
337411665,El Nido,3337411665,,,0,0,33.9,-118.37,,,,,,
337411690,Eldorado,3337411690,,,0,0,35.8,-115.01,,,,,,
337411809,Ely Wind Generation,3337411809,,,0,0,39.25,-114.79,,,,,,
337411822,Emigrant Auto,3337411822,,,0,0,45.33,-110.76,,,,,,
337411848,Encogen NW,3337411848,NORTHWEST,WHATCOM,2,115,48.75,-122.48,53,6.27,,,54.02,-16.85
337411881,Ennis Auto,3337411881,,,0,0,45.41,-111.78,,,,,,
337411966,Etiwanda,3337411966,SOCALIF,SCE Los Angeles Basin 230kV,2,18,34.09,-117.53,500,209.18,,,559.58,-80.88
337411988,Eustis,3337411988,,,0,0,45.98,-111.44,,,,,,
337412085,Fairmount,3337412085,NORTHWEST,"Seattle Area, Olympic Peninsula",1,230,47.98,-122.88,,,,,77.23,114.07
337412090,Fairview,3337412090,NORTHWEST,Western Oregon,3,230,43.21,-124.07,,,,,78.81,51.25
337412091,Fairview,3337412091,,,0,0,56.06,-118.39,,,,,,
337412334,Flathead,3337412334,NORTHWEST,Western Montana,1,230,48.29,-114.24,,,82.9,27.2,,
337412405,Foothill,3337412405,,,0,0,35.29,-120.71,,,,,,
337412421,Ford,3337412421,,,0,0,47.92,-117.8,,,,,,
337412460,Forrest Kerr Hydroelectric Project,3337412460,,,0,0,56.52,-131.3,,,,,,
337412508,Fort Peck,3337412508,,,0,0,48.01,-106.41,,,,,,
337412524,Fort St. Vrain,3337412524,PSCOLORADO,ZoneRN,1,22,40.24,-104.87,260,-0.96,8,6.7,410.63,-30.97
337412567,Four Corners (AZPS),3337412567,ARIZONA,APS,2,22,36.69,-108.49,1596,6.99,96.2,46.6,382.13,14.78
337412618,Franklin,3337412618,NORTHWEST,Lower Columbia Basin,1,230,46.23,-119.04,,,,,157.97,-166.09
337412620,Franklin,3337412620,,,0,0,38.01,-122.26,,,,,,
337412666,Fredonia (PSPL),3337412666,NORTHWEST,SKAGIT,6,230,48.56,-122.33,349,12.83,0.22,0.37,130.38,37.93
337412707,Frenchman Hills (USBR),3337412707,NORTHWEST,"Grant County, WA",1,230,46.95,-119.58,,,,,47.2,-10.03
337412711,Frenchtown,3337412711,,,0,0,46.94,-114.18,,,,,,
337413143,Fry,3337413143,NORTHWEST,PAC:WLMT,1,230,44.59,-123.04,,,,,266.22,85.14
337413294,Garrison,3337413294,NORTHWEST,Western Montana,7,500,46.51,-112.89,,,,,-27.01,-644.8
337413367,Genesee,3337413367,ALBERTA,AIES-Lake Wabamun Generation,3,22,53.35,-114.31,1291,178.37,103,51.5,34.87,-458.06
337413449,Gilbert,3337413449,,,0,0,46.58,-112.5,,,,,,
337413461,Dry Fork Station,3337413461,WAPA R.M.,ZoneBK,1,19,44.29,-105.5,425,107.99,35,26.25,-1105.21,869.15
337413510,Glen Canyon,3337413510,ARIZONA,WAPA-DSW,3,13.8,36.93,-111.49,480,-4.87,,,458.6,-42.64
337413533,Glendale,3337413533,NORTHWEST,PAC:GRPS,1,230,39.52,-119.73,,,17.23,5.35,,
337413538,Glengarry,3337413538,,,0,0,47.05,-109.59,,,,,,
337413615,Golden Sunlight,3337413615,,,0,0,45.88,-111.98,,,,,,
337413640,Goodnoe,3337413640,NORTHWEST,Lower Columbia Basin,1,230,45.79,-120.56,,,,,0,7.63
337413656,Goose Lake,3337413656,,,0,0,41.42,-120.7,,,,,,
337413667,Gordon M. Shrum,3337413667,B.C.HYDRO,BC HYDRO,4,13.8,56.01,-122.2,1136.05,-83.85,,,-11.83,283.63
337413681,Gorge (SCL),3337413681,NORTHWEST,Seattle City Light,3,230,48.7,-121.21,159.57,13.25,,,,
337413746,Grand Coulee,3337413746,NORTHWEST,Central Washington,42,500,47.95,-119,6014.52,682.26,,,79.38,-295.52
337413829,Grants Pass,3337413829,NORTHWEST,PAC:GRPS,1,230,42.45,-123.28,,,,,277.6,42.71
337413854,Grays Harbor Energy Facility,3337413854,NORTHWEST,"Seattle Area, Olympic Peninsula",4,230,47,-123.48,618.9,-260,,,,
337413864,Great Falls,3337413864,,,0,0,47.54,-111.23,,,,,,
337413869,Great Falls City,3337413869,,,0,0,47.5,-111.29,,,,,,
337413870,Great Falls Eastside,3337413870,,,0,0,47.49,-111.23,,,,,,
337413872,Great Falls Northeast,3337413872,,,0,0,47.52,-111.22,,,,,,
337413873,Great Falls Northwest,3337413873,,,0,0,47.52,-111.34,,,,,,
337413874,Great Falls Riverview,3337413874,,,0,0,47.53,-111.3,,,,,,
337413875,Great Falls Southside,3337413875,,,0,0,47.48,-111.29,,,,,,
337413876,Horseshoe Bend Wind Farm,3337413876,,,0,0,47.51,-111.42,,,,,,
337413925,Green Valley,3337413925,,,0,0,31.85,-110.97,,,,,,
337413928,Green Valley,3337413928,NORTHWEST,Western Oregon,1,230,43.42,-123.36,,,,,13.45,-4.71
337414013,Gresham,3337414013,NORTHWEST,Portland General - BES S/S,1,230,45.49,-122.46,,,,,389.9,10.56
337414038,Grizzly Power,3337414038,NORTHWEST,Southern Oregon,8,500,44.48,-121.02,,,,,0,-292.66
337414201,Hamilton Heights,3337414201,,,0,0,46.28,-114.04,,,,,,
337414242,Hanford,3337414242,NORTHWEST,Lower Columbia Basin,1,500,46.67,-119.57,,,,,0,0
337414247,Will,3337414247,,,0,0,56.22,-111.63,,,,,,
337414255,Hanna,3337414255,NORTHWEST,PAC:ROSE,2,230,42.94,-123.42,,,,,39.51,-18.66
337414273,Happy Valley,3337414273,NORTHWEST,"Seattle Area, Olympic Peninsula",1,230,43.55,-116.51,,,,,69.09,-16.09
337414274,Happy Valley,3337414274,,,0,0,48.04,-123.1,,,,,,
337414290,Hardin Auto,3337414290,,,0,0,45.74,-107.64,,,,,,
337414312,Harlem,3337414312,,,0,0,48.55,-108.73,,,,,,
337414316,Harlowtown,3337414316,,,0,0,46.45,-109.61,,,,,,
337414356,Harrison - Pony,3337414356,,,0,0,45.75,-111.88,,,,,,
337414395,Harvalum,3337414395,NORTHWEST,Lower Columbia Basin,1,230,45.73,-120.71,,,10,2.1,0,0
337414409,Haskill,3337414409,NORTHWEST,Western Montana,1,230,48.11,-114.64,,,8.5,2.8,,
337414421,Hat Rock,3337414421,NORTHWEST,Portland General - Industrial,1,230,45.92,-119.11,,,11.7,3.8,,
337414433,Hatwai,3337414433,NORTHWEST,Southeast Washington,2,500,46.47,-116.91,,,,,,
337414434,Haugen,3337414434,,,0,0,47.38,-115.43,,,,,,
337414436,Hauser Lake,3337414436,,,0,0,46.77,-111.89,,,,,,
337414448,Havre (WAPA),3337414448,,,0,0,48.61,-109.7,,,,,,
337414472,Hayden,3337414472,,,0,0,33,-110.78,,,,,,
337414538,Helena Southside,3337414538,,,0,0,46.57,-112,,,,,,
337414608,Hermiston Power Project,3337414608,NORTHWEST,Lower Columbia Basin,9,500,45.79,-119.31,1025.8,-0.57,,,,
337414631,Hi Desert,3337414631,SOCALIF,SCE NORTH OF LUGO 230kV,2,230,34.14,-116.18,110,101.6,,,409.89,-32.67
337414687,Highland,3337414687,,,0,0,50.4,-120.8,,,,,,
337414741,Hilltop,3337414741,NORTHWEST,Southern Oregon,1,230,41.51,-120.63,,,,,130.17,4.3
337414744,Hilltop,3337414744,,,0,0,35.25,-113.72,,,,,,
337414840,Holter,3337414840,,,0,0,46.99,-112.01,,,,,,
337414923,Horse Heaven,3337414923,NORTHWEST,Lower Columbia Basin,1,230,45.93,-119.63,,,,,22.42,-7.73
337414932,Horseshoe,3337414932,,,0,0,51.12,-115.03,,,,,,
337414933,Horseshoe,3337414933,,,0,0,38.74,-121.16,,,,,,
337414947,Hot Springs,3337414947,NORTHWEST,Western Montana,2,500,47.58,-114.63,,,,,-4.37,-152.6
337415023,Humboldt,3337415023,,,0,0,40.78,-124.11,,,,,,
337415035,Hungry Horse,3337415035,NORTHWEST,Western Montana,2,230,48.34,-114.02,172,82.91,,,0.11,-0.26
337415041,Hunter Plant,3337415041,PACE,UT EA UT,4,345,39.18,-111.03,1435,82.38,87.91,67.21,649.32,206.01
337415054,Huntington,3337415054,PACE,UT EA UT,3,345,39.38,-111.09,491,-18.39,76.5,51.4,547.66,79.04
337415074,Huson,3337415074,,,0,0,47.01,-114.24,,,,,,
337415125,Ice Harbor,3337415125,NORTHWEST,Lower Columbia Basin,6,115,46.25,-118.88,294.7,29.03,,,306.92,-114.77
337415166,Imperial Valley (Drew),3337415166,SANDIEGO,"SDG&E SWPL, BP-500",1,21,32.72,-115.71,130,3.87,,,358.13,26.42
337415240,Inland Empire Energy,3337415240,SOCALIF,SCE EASTERN 500/230kV,1,19.5,33.74,-117.17,400,153.51,0,0,461.53,-14.12
337415252,Intalco,3337415252,NORTHWEST,"Seattle Area, Olympic Peninsula",1,230,48.85,-122.7,,,,,322.5,-41.82
337415260,Intermountain Generating,3337415260,LADWP,LA IPP,3,345,39.5,-112.58,1900,332.89,65.22,49.22,2323.13,34.85
337415309,Iron Mountain,3337415309,,,0,0,36.32,-115.21,,,,,,
337415400,J.C. Boyle,3337415400,NORTHWEST,PAC:KFAL,1,230,42.09,-122.08,,,,,-60.65,-27.66
337415421,Jackrabbit Auto,3337415421,,,0,0,45.67,-111.2,,,,,,
337415496,Jawbone Canyon,3337415496,,,0,0,35.04,-117.99,,,,,,
337415521,Jefferson,3337415521,,,0,0,43.9,-112.17,,,,,,
337415584,John Day Ph,3337415584,NORTHWEST,Lower Columbia Basin,15,500,45.71,-120.69,2075.5,-422.3,,,0,149.24
337415612,Johnston,3337415612,PACE,WY CENT,2,230,42.84,-105.78,345,12.49,28.2,19.7,21.7,109.7
337415669,Judith Gap Auto,3337415669,,,0,0,46.69,-109.8,,,,,,
337415670,Judith Gap Pump,3337415670,,,0,0,46.66,-109.49,,,,,,
337415779,Keeler,3337415779,NORTHWEST,Portland Area,4,500,45.55,-122.89,,,,,93.94,-153.4
337415785,Keephills,3337415785,ALBERTA,AIES-Lake Wabamun Generation,3,22,53.45,-114.45,1261.8,290.48,88.3,44.1,243.89,-320.81
337415892,Kerr,3337415892,,,0,0,47.68,-114.24,,,,,,
337415904,Kettle Falls,3337415904,NORTHWEST,AVA: Big Bend,2,115,48.62,-118.11,52,0.33,13.72,4.37,72.39,-0.27
337415993,Kings Hill,3337415993,,,0,0,46.89,-110.73,,,,,,
337415996,Kings River,3337415996,,,0,0,41.76,-118.18,,,,,,
337416058,Kitsap,3337416058,NORTHWEST,"Seattle Area, Olympic Peninsula",2,230,47.53,-122.7,,,,,386.15,43.29
337416063,Kittitas Valley Wind Power Project,3337416063,NORTHWEST,Central Washington,1,230,47.06,-120.41,,,,,0.1,4.11
337416080,Klondike Wind Farm,3337416080,NORTHWEST,Lower Columbia Basin,3,230,45.59,-120.52,,,,,0,17.51
337416186,La Pine,3337416186,NORTHWEST,Southern Oregon,1,230,43.61,-121.47,,,,,102.4,-78.05
337416353,Lake View,3337416353,NORTHWEST,AVA: Coeur D'Alene,1,230,47.96,-116.46,,,0,0,,
337416392,Lakewood,3337416392,,,0,0,39.75,-105.11,,,,,,
337416431,Lancaster,3337416431,NORTHWEST,"Spokane Area, N Idaho, W Montana",4,230,47.81,-116.83,249,16.04,,,,
337416439,Landers Fork,3337416439,,,0,0,46.98,-112.53,,,,,,
337416446,Lane,3337416446,NORTHWEST,Western Oregon,2,500,31.72,-106.3,,,,,298.24,-78.04
337416447,Lane,3337416447,,,0,0,44.05,-123.23,,,,,,
337416477,Laramie River,3337416477,WAPA R.M.,ZoneEW,3,345,42.11,-104.89,879.28,120.3,70,70,371.29,217.35
337416493,Larson,3337416493,NORTHWEST,"Grant County, WA",1,230,47.19,-119.28,,,,,113.91,-42.1
337416529,Laurel Auto,3337416529,,,0,0,45.61,-108.76,,,,,,
337416550,Lavina Pump,3337416550,,,0,0,46.42,-108.9,,,,,,
337416717,Lewis,3337416717,,,0,0,36.17,-115.15,,,,,,
337416735,Lexington,3337416735,NORTHWEST,Portland Area,1,230,46.18,-122.91,,,,,211.62,-51.18
337416751,Libby - PACIF,3337416751,NORTHWEST,Western Montana,5,230,48.39,-115.3,324,8.16,,,0,9.61
337416752,Libby - USCEPD,3337416752,NORTHWEST,Western Montana,1,230,48.39,-115.31,,,,,69.12,-0.72
337416875,Little Goose,3337416875,NORTHWEST,Southeast Washington,1,500,46.58,-118.05,,,,,,
337416876,Little Goose Ph,3337416876,NORTHWEST,Southeast Washington,5,500,46.58,-118.03,832.5,-25.03,2.5,0.8,0,45.35
337416883,Little Mountain,3337416883,,,0,0,41.27,-112.24,,,,,,
337416974,Lolo,3337416974,NORTHWEST,AVA: Lewiston/Clarkston,1,230,46.36,-116.92,,,,,101.08,15.06
337417000,Lone Pine,3337417000,NORTHWEST,PAC:MDFD,1,230,42.35,-122.81,,,,,350.72,167.5
337417009,Long Beach,3337417009,,,0,0,33.76,-118.23,,,,,,
337417029,Longview,3337417029,NORTHWEST,"Cowlitz County, WA",4,230,46.14,-122.99,,,81.1,29.5,206.1,62.97
337417033,Mint Farm Energy Center LLC,3337417033,NORTHWEST,Portland Area,3,230,46.14,-122.99,235,-44.8,4.8,1.7,,
337417048,Loon Lake,3337417048,,,0,0,38.71,-120.95,,,,,,
337417088,Lost Creek,3337417088,NORTHWEST,Western Oregon,1,13.8,42.67,-122.68,29.8,3.26,,,26.3,-20.29
337417089,Lost Creek,3337417089,,,0,0,40.22,-104.25,,,,,,
337417152,Lower Baker,3337417152,NORTHWEST,SKAGIT,1,13.8,48.54,-121.73,77,-4.46,,,,
337417159,Lower Granite,3337417159,NORTHWEST,Southeast Washington,5,500,46.65,-117.42,692.5,-31.79,,,0,35.96
337417166,Lower Monumental,3337417166,NORTHWEST,Southeast Washington,5,500,46.55,-118.54,668.5,-54.2,,,0,38.38
337417176,Loweth,3337417176,,,0,0,46.38,-110.66,,,,,,
337417250,Lyman,3337417250,,,0,0,41.32,-110.23,,,,,,
337417296,Montana Phosphate Mine,3337417296,,,0,0,46.56,-112.84,,,,,,
337417302,Mabton,3337417302,NORTHWEST,Lower Columbia Basin,1,230,46.2,-119.97,,,4.9,1.2,,
337417352,Madison,3337417352,,,0,0,44.67,-111.14,,,,,,
337417366,Madison Valley,3337417366,,,0,0,45.05,-111.63,,,,,,
337417425,Malin,3337417425,NORTHWEST,Southern Oregon,6,500,42.01,-121.32,,,,,28.85,78.44
337417433,Malta,3337417433,,,0,0,48.42,-107.71,,,,,,
337417456,Manchester,3337417456,,,0,0,47.56,-122.55,,,,,,
337417523,Maple Valley,3337417523,NORTHWEST,"Seattle Area, Olympic Peninsula",5,500,47.47,-122.19,,,,,0,0
337417526,Mapleton,3337417526,,,0,0,44.02,-123.86,,,,,,
337417544,March Point Cogeneration Compa,3337417544,NORTHWEST,SKAGIT,1,230,48.47,-122.57,,,,,121.64,-113.84
337417560,Marias River,3337417560,,,0,0,48.04,-110.85,,,,,,
337417576,Marion,3337417576,NORTHWEST,Western Oregon,1,500,44.8,-122.7,,,,,0,0
337417639,Martin Creek,3337417639,NORTHWEST,Western Oregon,2,230,43.74,-123.12,,,,,42.62,-13.42
337417655,Martinsdale,3337417655,,,0,0,46.52,-110.32,,,,,,
337417690,Massachusetts,3337417690,NORTHWEST,Seattle City Light,1,230,47.59,-122.34,,,,,257.09,-61.7
337417718,Maupin,3337417718,NORTHWEST,Lower Columbia Basin,1,230,45.2,-121.03,,,,,12.37,-2.14
337417739,Mayfield,3337417739,NORTHWEST,Tacoma Power - General,2,230,46.5,-122.59,86,12.82,,,-42.78,0.87
337417812,McDonald,3337417812,NORTHWEST,"Grant County, WA",1,230,47.15,-119.22,,,23.23,1.04,,
337417813,McDonald,3337417813,,,0,0,36.09,-115.21,,,,,,
337417861,Mcloughlin,3337417861,NORTHWEST,Portland General - BES S/S,4,500,45.34,-122.56,,,,,335.45,-18.31
337417877,McNary,3337417877,NORTHWEST,Lower Columbia Basin,25,500,45.92,-119.31,860.6,125.63,70.8,23.3,97.06,47.44
337417997,Merchant,3337417997,SOCALIF,SCE Eldorado 230kV,1,13.8,35.79,-114.99,357,78.31,0,0,178.6,-44.45
337418010,Meridian,3337418010,NORTHWEST,PAC:MDFD,3,500,49.31,-122.81,,,,,0,-48.65
337418012,Meridian,3337418012,,,0,0,42.37,-122.76,,,,,,
337418033,Mesa,3337418033,,,0,0,34.04,-118.11,,,,,,
337418034,Mesa,3337418034,,,0,0,31.81,-106.51,,,,,,
337418040,Mesquite Power,3337418040,ARIZONA,SRP-TSW,2,18,33.35,-112.86,500,7.47,9.2,5.8,-86.72,-214.59
337418091,Mica,3337418091,B.C.HYDRO,BC HYDRO,4,16,52.05,-118.5,1784.69,-10.98,2.32,1.12,527.16,292.7
337418158,Midpoint,3337418158,IDAHO,ZoneIP Southern,3,500,42.83,-114.42,,,,,1332.06,305.71
337418164,Midway,3337418164,NORTHWEST,Lower Columbia Basin,3,230,38.56,-104.69,,,,,63.14,23.91
337418168,Midway,3337418168,,,0,0,46.62,-119.78,,,,,,
337418171,Midway,3337418171,,,0,0,47.4,-122.29,,,,,,
337418201,Miles City GT,3337418201,,,0,0,46.41,-105.79,,,,,,
337418239,Miller,3337418239,,,0,0,37.25,-121.12,,,,,,
337418243,Miller Creek #4,3337418243,,,0,0,46.81,-114.05,,,,,,
337418371,Mission,3337418371,,,0,0,47.3,-111.76,,,,,,
337418372,Mission,3337418372,,,0,0,36,-114.95,,,,,,
337418477,Monarch,3337418477,,,0,0,47.1,-110.83,,,,,,
337418498,Monroe,3337418498,NORTHWEST,"Seattle Area, Olympic Peninsula",3,500,39.72,-104.94,,,,,0,186.04
337418500,Monroe,3337418500,,,0,0,38.45,-122.74,,,,,,
337418504,Monroe,3337418504,,,0,0,47.9,-121.89,,,,,,
337418520,Mont Talc,3337418520,,,0,0,45.82,-111.82,,,,,,
337418528,Montague,3337418528,,,0,0,37.4,-121.91,,,,,,
337418529,Great Falls Energy Center[Montana First Megawatts],3337418529,,,0,0,47.53,-111.3,,,,,,
337418556,Montezuma Hills Windplant,3337418556,,,0,0,38.12,-121.83,,,,,,
337418677,Morony,3337418677,,,0,0,47.58,-111.06,,,,,,
337418713,Moscow,3337418713,NORTHWEST,AVA: Palouse,1,230,46.74,-116.94,,,,,112.02,-17.82
337418728,Mossyrock,3337418728,NORTHWEST,Tacoma Power - General,4,230,46.53,-122.43,259,31.91,,,,
337418854,Munro BPA System Control Center,3337418854,NORTHWEST,Spokane Area Publics,3,230,47.75,-117.38,,,,,177.86,30.72
337418877,Murray,3337418877,NORTHWEST,"Seattle Area, Olympic Peninsula",1,230,48.15,-122.08,,,,,246.61,-65.16
337418960,N. Lewiston,3337418960,NORTHWEST,AVA: Lewiston/Clarkston,1,230,46.43,-117.03,,,,,83.48,18.94
337419089,Naughton,3337419089,PACE,WY OVER,2,230,41.76,-110.6,348,-15.49,20,13.96,515.92,137.51
337419093,Navajo (SRP),3337419093,ARIZONA,SRP-TSW,3,26,36.9,-111.39,2413.98,83.89,174,105,852.47,-7.48
337419229,Melones,3337419229,,,0,0,37.94,-120.54,,,,,,
337419301,Newport,3337419301,,,0,0,36.01,-114.92,,,,,,
337419344,Nichols Pump,3337419344,,,0,0,46.27,-106.83,,,,,,
337419345,Nichols REA,3337419345,,,0,0,46.28,-106.79,,,,,,
337419453,North,3337419453,,,0,0,47.68,-122.32,,,,,,
337419562,North Mountain,3337419562,NORTHWEST,"Seattle Area, Olympic Peninsula",2,230,48.21,-121.93,,,11.3,4.9,,
337419718,Noxon Rapids,3337419718,NORTHWEST,AVA: Coeur D'Alene,6,230,47.96,-115.74,400,46.58,2.67,0.91,,
337419754,O'Brien,3337419754,NORTHWEST,S.KING,1,230,47.4,-122.24,,,,,483.41,-174.93
337419820,Oasis,3337419820,,,0,0,35.62,-115.39,,,,,,
337419925,Olinda,3337419925,PG AND E,Intertie,2,500,40.38,-122.38,,,,,3475.81,254
337419926,Olinda,3337419926,,,0,0,33.95,-117.92,,,,,,
337419930,Olive,3337419930,,,0,0,36.16,-115.11,,,,,,
337419946,Olympia,3337419946,NORTHWEST,"Seattle Area, Olympic Peninsula",9,500,47,-122.95,,,,,316.55,-171.56
337420044,Ormond Beach,3337420044,SOCALIF,SCE Ventura/Santa Barbara,1,26,34.13,-119.17,725,103.68,,,397.41,-61.21
337420092,Ostrander,3337420092,NORTHWEST,Portland General - BES NODE,2,500,45.36,-122.41,,,,,0,372.52
337420132,Outlook,3337420132,NORTHWEST,PAC:YKMA,1,230,46.38,-120.08,,,,,67.52,-12.95
337420133,Ovando,3337420133,,,0,0,46.93,-113.1,,,,,,
337420226,Painted Robe,3337420226,,,0,0,46.24,-108.99,,,,,,
337420266,Palo Verde,3337420266,ARIZONA,APS,4,500,33.39,-112.86,4132,1089.3,195,146.4,3801.27,1759.85
337420273,Pamona Heights,3337420273,NORTHWEST,PAC:YKMA,1,230,46.62,-120.47,,,,,194.82,-0.08
337420321,Paradise Valley,3337420321,,,0,0,36.08,-115.12,,,,,,
337420329,Pardee,3337420329,,,0,0,34.44,-118.58,,,,,,
337420356,Parkdale,3337420356,NORTHWEST,Lower Columbia Basin,1,230,45.53,-121.56,2,0,10,3.3,,
337420361,Parker,3337420361,,,0,0,37.67,-120.92,,,,,,
337420435,Paul,3337420435,NORTHWEST,"Seattle Area, Olympic Peninsula",1,500,46.75,-122.87,,,,,163.56,-26.64
337420447,Pawnee,3337420447,PSCOLORADO,ZoneRN,1,22,40.22,-103.68,505,105.25,31.19,31.26,558.39,-60.47
337420449,Pawnee,3337420449,,,0,0,36.13,-115.13,,,,,,
337420488,Pearl,3337420488,NORTHWEST,Portland Area,6,500,47.27,-122.52,,,,,0,504.06
337420490,Pearl,3337420490,,,0,0,45.33,-122.78,,,,,,
337420491,Pearl,3337420491,,,0,0,36.12,-115.1,,,,,,
337420530,Pelton,3337420530,NORTHWEST,Portland General - BES S/S,2,230,44.69,-121.23,105,24.63,,,,
337420655,Peterson,3337420655,,,0,0,45,-112.97,,,,,,
337420681,Phelps Dodge,3337420681,,,0,0,31.77,-106.39,,,,,,
337420757,Pilot Butte,3337420757,NORTHWEST,PAC:C.OR,1,230,43.2,-108.76,,,,,242.23,-94.18
337420758,Pilot Butte,3337420758,,,0,0,44.06,-121.23,,,,,,
337420777,Pine Creek,3337420777,NORTHWEST,AVA: Coeur D'Alene,1,230,47.54,-116.22,,,,,9.86,24.33
337420869,Pittsburg (MIR),3337420869,PG AND E,Generation (Fossil & Non-peaker,1,20,38.04,-121.9,404.4,254.05,18.16,9.3,942.18,-353.23
337420889,Plains,3337420889,,,0,0,47.52,-114.78,,,,,,
337421061,Ponderosa,3337421061,NORTHWEST,Southern Oregon,6,500,44.23,-120.93,,,,,174.25,-14.72
337421062,Ponderosa,3337421062,,,0,0,44.23,-120.93,,,,,,
337421090,Port Angeles,3337421090,NORTHWEST,"Seattle Area, Olympic Peninsula",2,230,48.1,-123.42,,,,,273.04,-13.69
337421123,Port Of Washington,3337421123,NORTHWEST,Portland General - Generation,3,230,46.14,-122.94,399,199.52,,,,
337421146,Portal,3337421146,,,0,0,39.79,-105.99,,,,,,
337421174,Potholes,3337421174,NORTHWEST,Central Washington,2,230,47.11,-119.53,,,,,,
337421177,Potlatch,3337421177,,,0,0,47.39,-123.19,,,,,,
337421185,Potrero,3337421185,PG AND E,City of Pittsburg,2,180.5,37.76,-122.39,400,0,,,394.12,4.98
337421235,Prairie,3337421235,,,0,0,47.75,-116.85,,,,,,
337421284,Priest Rapids,3337421284,NORTHWEST,"Grant County, WA",14,230,46.65,-119.91,787.6,112.39,,,0,22.25
337421354,Pryor Exxon Creek,3337421354,,,0,0,45.76,-108.05,,,,,,
337421456,Quilcene,3337421456,,,0,0,47.84,-122.87,,,,,,
337421460,Quincy,3337421460,,,0,0,39.64,-104.58,,,,,,
337421511,Rail Welder,3337421511,,,0,0,45.7,-108.66,,,,,,
337421516,Rainbow,3337421516,,,0,0,47.54,-111.19,,,,,,
337421517,Rainbow,3337421517,,,0,0,36.17,-115.24,,,,,,
337421518,Rainbow,3337421518,,,0,0,36.71,-119.54,,,,,,
337421530,Rainier,3337421530,,,0,0,46.09,-122.95,,,,,,
337421541,Ralston,3337421541,,,0,0,37.51,-122.34,,,,,,
337421603,Rattlesnake Switchyard,3337421603,NORTHWEST,Western Montana,1,230,46.92,-113.97,,,,,142.5,-10.43
337421613,Raver,3337421613,NORTHWEST,"Seattle Area, Olympic Peninsula",2,500,47.34,-121.93,,,,,0,760.62
337421614,Rawhide,3337421614,PSCOLORADO,ZoneRN,1,24,40.86,-105.02,300,27,23,18,240.59,6.84
337421624,Raymond,3337421624,,,0,0,46.71,-123.74,,,,,,
337421764,Reno,3337421764,,,0,0,39.51,-119.8,,,,,,
337421770,Renova,3337421770,,,0,0,45.82,-112.11,,,,,,
337421783,Reserve St.,3337421783,,,0,0,46.88,-114.05,,,,,,
337421788,Reston,3337421788,NORTHWEST,Western Oregon,2,230,43.18,-123.56,,,,,,
337421795,Revelstoke,3337421795,B.C.HYDRO,BC HYDRO,10,16,50.98,-118.18,2046.14,-141.75,2.35,1.15,714.41,525.73
337421834,Richardson Coulee,3337421834,,,0,0,48.38,-106.8,,,,,,
337421939,Rio Hondo,3337421939,,,0,0,34.11,-117.98,,,,,,
337421994,Rivergate,3337421994,NORTHWEST,Portland General - BES S/S,1,230,45.61,-122.77,,,,,284.2,-70.58
337422023,Riverton,3337422023,,,0,0,42.54,-113.78,,,,,,
337422131,Rock Island Powerhouse,3337422131,NORTHWEST,Central Washington,8,6.9,47.35,-120.09,312,69.53,0.86,0.41,7.61,-179.61
337422176,Rocky Ford,3337422176,NORTHWEST,"Grant County, WA",1,230,38.05,-103.72,,,,,88.23,2.76
337422177,Rocky Ford,3337422177,,,0,0,47.3,-119.47,,,,,,
337422182,Rocky Mountain Energy Center,3337422182,PSCOLORADO,ZoneRD,1,23,40.09,-104.6,160,35.99,4,3.4,332.53,-62.86
337422187,Rocky Reach,3337422187,NORTHWEST,Central Washington,21,345,47.53,-120.29,861,204.81,0.63,0.3,48,-20.75
337422206,Rogue,3337422206,NORTHWEST,Western Oregon,1,230,42.48,-124.4,,,,,82.17,14.52
337422258,Rosebud Creek,3337422258,,,0,0,46.26,-106.47,,,,,,
337422262,Rosedale,3337422262,,,0,0,40.38,-104.68,,,,,,
337422263,Rosedale,3337422263,,,0,0,49.19,-121.76,,,,,,
337422285,J.D. Ross,3337422285,NORTHWEST,Lower Columbia Basin,3,345,45.66,-122.66,,,47,0.5,259.9,45.62
337422288,Ross Dam,3337422288,NORTHWEST,Seattle City Light,4,230,48.73,-121.07,216.19,-9.45,,,,
337422305,Round Butte,3337422305,NORTHWEST,Portland General - Generation,6,500,44.61,-121.28,270,69.74,3.8,1.2,0,-138.88
337422310,Round Mountain,3337422310,PG AND E,Conf Load (N. Valley),2,500,40.81,-121.94,,,,,452.13,464.05
337422319,Roundup,3337422319,NORTHWEST,Southeast Washington,1,230,45.64,-118.75,,,,,68.07,-16.73
337422320,Roundup Auto,3337422320,,,0,0,46.48,-108.58,,,,,,
337422354,RS-19 (Proposed),3337422354,,,0,0,33.29,-111.52,,,,,,
337422360,Rudyard,3337422360,,,0,0,48.51,-110.54,,,,,,
337422423,Ryan (PPLMON),3337422423,,,0,0,47.57,-111.12,,,,,,
337422524,Sacajawea,3337422524,NORTHWEST,Lower Columbia Basin,2,500,46.24,-118.89,,,,,10.99,176.15
337422525,Sacheen,3337422525,NORTHWEST,"Spokane Area, N Idaho, W Montana",1,230,48.18,-117.28,,,,,46.32,3.97
337422545,Saguaro,3337422545,,,0,0,32.55,-111.3,,,,,,
337422637,Salem,3337422637,NORTHWEST,Portland Area,1,230,44.93,-123.09,,,,,161.99,19.87
337422680,Saltese,3337422680,,,0,0,47.35,-115.34,,,,,,
337422702,Sammamish,3337422702,NORTHWEST,N.KING,4,230,47.69,-122.15,,,,,564.12,-176.46
337422714,Mountainview Power,3337422714,SOCALIF,SCE EASTERN 500/230kV,2,18,34.08,-117.24,416,83.37,,,24.4,30.82
337422748,San Juan 345,3337422748,NEW MEXICO,ZoneAL,5,345,36.8,-108.44,1669.84,259.51,184,114.04,2373.42,393.46
337422782,Sand Dunes,3337422782,NORTHWEST,"Grant County, WA",1,230,47.15,-119.28,,,,,127.5,-11.56
337422785,Sand Spring Compensation Station,3337422785,,,0,0,43.72,-120.85,,,,,,
337422796,Sandia,3337422796,,,0,0,35.05,-106.53,,,,,,
337422861,Santiam,3337422861,NORTHWEST,Western Oregon,5,500,44.77,-122.67,,,,,26.29,-3.01
337422867,Panorama,3337422867,,,0,0,35.24,-106.66,,,,,,
337422881,Sargent,3337422881,,,0,0,37.69,-106.1,,,,,,
337422892,Sarpy Cr. Auto,3337422892,,,0,0,45.82,-107.14,,,,,,
337422900,Satsop,3337422900,NORTHWEST,"Seattle Area, Olympic Peninsula",2,500,46.97,-123.46,,,,,,
337422960,Schultz,3337422960,NORTHWEST,Central Washington,7,500,47.12,-120.51,,,,,0,-290.93
337423050,Second Imperial Geothermal Com,3337423050,,,0,0,32.71,-115.53,,,,,,
337423057,Sedro Woolley,3337423057,NORTHWEST,SKAGIT,3,230,48.51,-122.2,,,,,93.17,31.21
337423081,Selle,3337423081,NORTHWEST,"Seattle Area, Olympic Peninsula",2,500,48.36,-116.53,,,,,,
337423199,Shawnee,3337423199,NORTHWEST,AVA: Palouse,1,230,46.88,-117.29,,,,,79.45,-4.13
337423214,Sheerness,3337423214,ALBERTA,AIES-Sheerness,2,19,51.44,-111.79,743.3,-119.74,30.6,15.4,204.87,84.06
337423221,Shelby,3337423221,,,0,0,48.5,-111.84,,,,,,
337423244,Shelton,3337423244,NORTHWEST,"Seattle Area, Olympic Peninsula",2,230,47.23,-123.12,,,,,165.43,53.51
337423288,Sherwood,3337423288,NORTHWEST,Portland General - BES S/S,1,230,45.37,-122.84,,,,,473.36,-38.71
337423323,Shorey Road,3337423323,,,0,0,45.85,-108.83,,,,,,
337423334,Shredder,3337423334,,,0,0,37.51,-122.21,,,,,,
337423346,Sickler,3337423346,NORTHWEST,Central Washington,1,500,47.54,-120.28,,,,,,
337423364,Sifton,3337423364,NORTHWEST,Portland Area,4,230,45.65,-122.5,,,,,354.23,-123.02
337423381,Silver Bow Generation Plant,3337423381,,,0,0,45.97,-112.69,,,,,,
337423386,Silver Creek,3337423386,NORTHWEST,"Seattle Area, Olympic Peninsula",1,230,46.52,-122.59,,,,,16.96,-8.19
337423423,Simpson Paper,3337423423,,,0,0,37.73,-121.12,,,,,,
337423472,Skeena Cellulose,3337423472,,,0,0,54.23,-130.3,,,,,,
337423497,Slatt,3337423497,NORTHWEST,Lower Columbia Basin,2,500,45.7,-120.15,,,,,0,0
337423567,Sno-king,3337423567,NORTHWEST,"Seattle Area, Olympic Peninsula",9,500,47.81,-122.19,,,,,501.14,93.41
337423568,Snohomish,3337423568,NORTHWEST,"Seattle Area, Olympic Peninsula",7,500,47.92,-122.1,,,,,609.95,132.76
337423666,South,3337423666,NORTHWEST,Seattle City Light,1,230,47.57,-122.33,,,283.67,12.83,,
337423685,South Bremerton,3337423685,NORTHWEST,KITSAP,1,230,47.56,-122.65,,,,,222.61,-26.89
337423704,South Cut Bank,3337423704,,,0,0,48.62,-112.35,,,,,,
337423746,South Huntley,3337423746,,,0,0,45.79,-108.39,,,,,,
337423849,Southwest,3337423849,NORTHWEST,Tacoma Power - General,2,230,47.19,-122.49,,,,,408.42,-127.42
337423895,Lookout,3337423895,,,0,0,44.55,-103.91,,,,,,
337423972,Springerville,3337423972,ARIZONA,TEP,3,21,34.31,-109.16,988,205.4,100,99,798,-59.83
337423974,Springfield,3337423974,NORTHWEST,Western Oregon,1,230,44.04,-123,,,,,,
337424074,St. Johns,3337424074,NORTHWEST,Portland Area,1,230,45.6,-122.75,,,,,156.05,105.99
337424093,St. Marys,3337424093,NORTHWEST,Portland General - BES S/S,1,230,45.51,-122.84,,,,,617.62,56.07
337424098,St. Regis,3337424098,,,0,0,47.29,-115.19,,,,,,
337424124,Sta. D,3337424124,,,0,0,37.81,-122.27,,,,,,
337424146,Stanford Auto,3337424146,,,0,0,47.11,-110.18,,,,,,
337424189,Stateline Wind Project - Washington,3337424189,NORTHWEST,PAC:DALR,2,230,46,-118.74,,,,,0,11.48
337424487,Sumas Cogeneration Company LP,3337424487,NORTHWEST,WHATCOM,2,115,48.99,-122.27,97,-10.89,,,16.99,-16.11
337424493,Summer Lake,3337424493,NORTHWEST,Southern Oregon,5,500,43.01,-120.96,,,,,,
337424541,Sundance,3337424541,ALBERTA,AIES-Lake Wabamun Generation,4,25,53.51,-114.55,1556.7,269.82,102.9,51.5,887.32,-317.07
337424578,Superior,3337424578,,,0,0,47.18,-114.94,,,,,,
337424647,Swift,3337424647,NORTHWEST,PAC:LWSR,4,230,45.94,-122.64,75.3,36.53,,,-30.48,10.61
337424673,Sycan Compensation Station,3337424673,,,0,0,42.85,-120.99,,,,,,
337424679,Sylmar,3337424679,LADWP,LA PDCI,4,230,34.31,-118.48,,,,,4783.42,1356.99
337424717,Tacoma,3337424717,NORTHWEST,"Seattle Area, Olympic Peninsula",7,500,47.26,-122.37,,,,,79.44,160.85
337424728,Taft,3337424728,NORTHWEST,Western Montana,4,500,47.45,-115.58,,,,,0,-217.06
337424732,Tahkenitch,3337424732,NORTHWEST,Western Oregon,1,230,43.74,-124.08,,,,,46.63,17.31
337424742,Talbot,3337424742,NORTHWEST,S.KING,2,230,47.47,-122.21,,,,,468.63,33.78
337425305,Tap,3337425305,,,0,0,33.87,-116.48,,,,,,
337425317,Tap,3337425317,,,0,0,52.34,-114.29,,,,,,
337425335,Tap,3337425335,,,0,0,53.56,-114.58,,,,,,
337425528,Tap,3337425528,,,0,0,36.11,-115.01,,,,,,
337425529,Tap,3337425529,,,0,0,36.11,-114.87,,,,,,
337425530,Tap,3337425530,,,0,0,36.02,-114.78,,,,,,
337425538,Tap,3337425538,,,0,0,36.12,-115.19,,,,,,
337425542,Tap,3337425542,,,0,0,36.16,-115.11,,,,,,
337426002,Tap,3337426002,,,0,0,45.7,-108.7,,,,,,
337426003,Tap,3337426003,,,0,0,46.66,-109.8,,,,,,
337426005,Tap,3337426005,,,0,0,47.54,-111,,,,,,
337426235,Tap,3337426235,,,0,0,39.16,-121.56,,,,,,
337426236,Tap,3337426236,,,0,0,39.09,-121.54,,,,,,
337426237,Tap,3337426237,,,0,0,39.09,-121.54,,,,,,
337426238,Tap,3337426238,,,0,0,38.21,-122.15,,,,,,
337426243,Tap,3337426243,,,0,0,38.5,-122.47,,,,,,
337426251,Tap,3337426251,,,0,0,38.91,-122.62,,,,,,
337426253,Tap,3337426253,,,0,0,39.11,-122.81,,,,,,
337426259,Tap,3337426259,,,0,0,40.45,-122.33,,,,,,
337426261,Tap,3337426261,,,0,0,40.82,-121.93,,,,,,
337426267,Tap,3337426267,,,0,0,41.27,-122.28,,,,,,
337426303,Tap,3337426303,,,0,0,40.02,-104.41,,,,,,
337426305,Tap,3337426305,,,0,0,40.22,-104.41,,,,,,
337426312,Tap,3337426312,,,0,0,39.57,-102.58,,,,,,
337426314,Tap,3337426314,,,0,0,38.92,-106.19,,,,,,
337426840,Tap,3337426840,,,0,0,47.52,-111.31,,,,,,
337427366,Diamond Hill,3337427366,NORTHWEST,PAC:JCTN,1,230,44.25,-123.05,,,,,39.67,-9.19
337427508,American Can,3337427508,,,0,0,44.38,-123.14,,,,,,
337427717,Walla Walla,3337427717,NORTHWEST,PAC:WALA,3,230,46.07,-118.38,,,,,168.08,-34.75
337427719,Julia,3337427719,,,0,0,47.85,-116.8,,,,,,
337427736,Wallula,3337427736,NORTHWEST,PAC:WULA,1,230,46.06,-118.85,,,,,75.24,-31.69
337427813,Gold Hill,3337427813,,,0,0,42.4,-123.24,,,,,,
337427914,Redmond,3337427914,NORTHWEST,Southern Oregon,2,230,44.27,-121.17,,,,,131.83,-19.15
337428144,TAP372,3337428144,NORTHWEST,"Spokane Area, N Idaho, W Montana",1,230,48.74,-117.66,,,,,,
337428267,Empire,3337428267,,,0,0,43.37,-124.28,,,,,,
337428270,Isthmus,3337428270,NORTHWEST,PAC:CBAY,1,230,43.34,-124.19,,,,,87.92,-30.46
337428294,Harrison,3337428294,,,0,0,45.51,-122.66,,,,,,
337428348,TAP583,3337428348,,,0,0,34.59,-117.42,,,,,,
337428363,Klamath Falls,3337428363,NORTHWEST,PAC:KFAL,2,18,42.19,-121.82,324,-17.99,,,4.05,-163.8
337428736,Tarkio,3337428736,,,0,0,47.03,-114.74,,,,,,
337428918,The Dalles Ph,3337428918,NORTHWEST,Lower Columbia Basin,14,230,45.62,-121.12,1534,336.35,,,5.91,-191.33
337428970,Thompson Falls,3337428970,,,0,0,47.59,-115.36,,,,,,
337428973,Thompson River Cogen,3337428973,,,0,0,47.58,-115.25,,,,,,
337428999,Three Rivers,3337428999,,,0,0,45.94,-111.52,,,,,,
337429012,Tiber,3337429012,,,0,0,48.33,-111.08,,,,,,
337429041,Tillamook,3337429041,NORTHWEST,Portland Area,1,230,45.46,-123.83,,,,,143.23,-22.15
337429118,Toledo,3337429118,NORTHWEST,Western Oregon,1,230,44.62,-123.92,,,,,186.03,13.38
337429181,Toston,3337429181,,,0,0,46.17,-111.43,,,,,,
337429200,Townsend,3337429200,,,0,0,46.33,-111.49,,,,,,
337429278,Trident Auto,3337429278,,,0,0,45.97,-111.42,,,,,,
337429279,Trident Peaker,3337429279,,,0,0,45.94,-111.48,,,,,,
337429314,Trojan,3337429314,NORTHWEST,Portland General - BES S/S,3,230,46.04,-122.92,,,,,,
337429325,Troutdale,3337429325,NORTHWEST,Portland Area,5,500,45.56,-122.4,,,,,154.7,187.59
337429337,Trumble Creek,3337429337,NORTHWEST,Western Montana,1,230,48.4,-114.21,,,64.6,21.2,,
337429371,Tumble Creek,3337429371,NORTHWEST,Western Oregon,2,230,44.73,-122.19,,,1.9,0.6,,
337429449,Two Dot,3337429449,,,0,0,46.43,-110.07,,,,,,
337429473,U.S. Antimony,3337429473,,,0,0,47.55,-115.59,,,,,,
337429494,Ulm,3337429494,,,0,0,47.45,-111.52,,,,,,
337429530,Union Gap,3337429530,NORTHWEST,PAC:YKMA,1,230,46.56,-120.49,,,,,279.25,-57.31
337430120,Newberg,3337430120,NORTHWEST,Portland Area,2,230,45.34,-123,,,,,,
337430306,Limestone,3337430306,,,0,0,51.87,-115.26,,,,,,
337430329,Bon Glen,3337430329,,,0,0,53.01,-113.96,,,,,,
337430358,Diamond,3337430358,,,0,0,53.79,-113.13,,,,,,
337430371,Marion,3337430371,,,0,0,53.5,-114.67,,,,,,
337430485,Hotchkiss,3337430485,,,0,0,57.07,-117.74,,,,,,
337430486,Hamburg,3337430486,,,0,0,57.38,-119.73,,,,,,
337430769,Liberty,3337430769,,,0,0,39.61,-102.65,,,,,,
337431361,Upper Baker,3337431361,NORTHWEST,SKAGIT,1,13.8,48.65,-121.69,82,-2.75,,,53.61,-0.2
337431401,Usk,3337431401,NORTHWEST,AVA: Pend Oreille PUD,1,230,48.29,-117.27,,,96,28,19.47,7.81
337431441,Valier Williams,3337431441,,,0,0,48.36,-112.13,,,,,,
337431517,Vantage,3337431517,NORTHWEST,"Grant County, WA",9,500,46.88,-119.94,473.8,109.1,46.08,15.31,0,-155.54
337431757,W.E. Armell's Cr.,3337431757,,,0,0,45.88,-106.62,,,,,,
337431797,Wahluke (GP),3337431797,NORTHWEST,"Grant County, WA",1,230,46.73,-119.76,,,4.93,0.22,,
337431824,Waldorf,3337431824,,,0,0,46.95,-114.08,,,,,,
337431892,Wanapum,3337431892,NORTHWEST,"Grant County, WA",5,230,46.88,-119.94,378.8,87.28,,,0,-202.59
337431926,Warner,3337431926,NORTHWEST,Southern Oregon,1,230,41.5,-120.53,,,,,38.37,-5.43
337431984,Washington State University,3337431984,,,0,0,46.73,-117.17,,,,,,
337432057,Wauna,3337432057,NORTHWEST,Portland Area,1,230,46.15,-123.41,,,93.1,27.2,-31.15,-13
337432067,Wautoma,3337432067,NORTHWEST,Central Washington,1,500,46.51,-119.84,,,,,0,-289.63
337432093,Wayne Pump,3337432093,,,0,0,47.54,-110.96,,,,,,
337432169,Wells (DOPD),3337432169,NORTHWEST,Central Washington,7,230,47.95,-119.87,720,96.73,,,40.96,-5.52
337432181,Wendson,3337432181,NORTHWEST,Western Oregon,1,230,44.01,-124.01,,,,,61.67,-22.49
337432446,Wheeler,3337432446,NORTHWEST,"Grant County, WA",2,230,47.18,-119.23,,,16.29,4.36,0,15.06
337432470,White Bluffs,3337432470,NORTHWEST,Lower Columbia Basin,1,230,46.36,-119.36,,,,,202.84,-0.93
337432474,White Creek Wind Project,3337432474,NORTHWEST,Lower Columbia Basin,2,230,45.83,-120.36,,,,,-24.07,1.85
337432490,White River (PSPL),3337432490,NORTHWEST,PIERCE,1,230,47.24,-122.21,,,,,387.84,22.36
337432511,Whitehorn,3337432511,NORTHWEST,WHATCOM,3,115,48.89,-122.75,162.2,-23.2,,,87.44,-20.54
337432576,Wild Horse Project,3337432576,NORTHWEST,N.KING,1,230,47.02,-120.19,,,,,0,10.02
337432580,Wilder NH,3337432580,,,0,0,35.05,-118.32,,,,,,
337432633,Willow Creek,3337432633,,,0,0,45.83,-111.64,,,,,,
337432654,Wilsall,3337432654,,,0,0,45.96,-110.66,,,,,,
337432684,Windishar,3337432684,NORTHWEST,Portland Area,1,230,45.23,-123.17,,,27.3,9,,
337432924,Wyodak,3337432924,PACE,WY CENT,2,230,44.29,-105.39,375,37.67,41.9,33.6,1741.33,71.02
337432946,Yale,3337432946,NORTHWEST,PAC:LWSR,2,115,45.96,-122.34,59,14.58,,,56.97,3.94
337509756,Tap,3337509756,,,0,0,56.63,-111.39,,,,,,
338155183,Tap,3338155183,,,0,0,41.14,-103.79,,,,,,
340406598,Biglow Canyon Wind,3340406598,NORTHWEST,Portland General - BES S/S,1,230,45.65,-120.63,,,,,0,12.44
341134042,Tap,3341134042,,,0,0,32.8,-116.79,,,,,,
341134052,Rincon,3341134052,,,0,0,33.29,-116.96,,,,,,
341134073,Murray,3341134073,,,0,0,32.79,-117.02,,,,,,
341134144,Tap,3341134144,,,0,0,32.79,-116.89,,,,,,
341134146,Tap,3341134146,,,0,0,32.66,-116.67,,,,,,
341134148,Tap,3341134148,,,0,0,32.63,-117.1,,,,,,
341134149,Tap,3341134149,,,0,0,32.66,-117.03,,,,,,
341134165,Tap,3341134165,,,0,0,32.83,-117.14,,,,,,
341134171,Tap,3341134171,,,0,0,32.9,-117.16,,,,,,
341134173,Tap,3341134173,,,0,0,32.83,-117.18,,,,,,
341134174,Genesee,3341134174,,,0,0,32.88,-117.21,,,,,,
341134180,Tap,3341134180,,,0,0,33.1,-117.07,,,,,,
341134185,Tap,3341134185,,,0,0,33.15,-117.06,,,,,,
341134186,Tap,3341134186,,,0,0,33.04,-117.15,,,,,,
341134189,Tap,3341134189,,,0,0,33.03,-116.66,,,,,,
341134195,Pendleton,3341134195,,,0,0,33.31,-117.34,,,,,,
341134196,Tap,3341134196,,,0,0,33.33,-117.25,,,,,,
341134430,Tap,3341134430,,,0,0,33.21,-117.38,,,,,,
341134482,Tap,3341134482,,,0,0,32.59,-117.06,,,,,,
341134483,Tap,3341134483,,,0,0,32.6,-116.94,,,,,,
341134534,Tap,3341134534,,,0,0,32.8,-116.5,,,,,,
341134536,Tap,3341134536,,,0,0,32.67,-116.99,,,,,,
341134539,Tap,3341134539,,,0,0,33.02,-117.03,,,,,,
341134540,Tap,3341134540,,,0,0,33.17,-117.28,,,,,,
341134541,Tap,3341134541,,,0,0,33.25,-117.3,,,,,,
341134549,Tap,3341134549,,,0,0,33.45,-117.58,,,,,,
341134553,Tap,3341134553,,,0,0,34.44,-117.37,,,,,,
341134559,Pitchgen,3341134559,,,0,0,34.46,-118.59,,,,,,
341134566,Tengen,3341134566,,,0,0,34.4,-118.49,,,,,,
341134567,Appgen,3341134567,,,0,0,34.39,-118.51,,,,,,
341134577,Oasis,3341134577,,,0,0,34.65,-118.09,,,,,,
341134585,Tap,3341134585,,,0,0,34.81,-118.72,,,,,,
341134586,Oso,3341134586,,,0,0,34.81,-118.72,,,,,,
341134587,Tap,3341134587,,,0,0,34.77,-118.72,,,,,,
341134589,Tap,3341134589,,,0,0,34.72,-118.15,,,,,,
341134590,Tap,3341134590,,,0,0,34.65,-118.15,,,,,,
341134591,Tap,3341134591,,,0,0,34.6,-118.07,,,,,,
341134592,Tap,3341134592,,,0,0,34.67,-118.23,,,,,,
341134594,Tap,3341134594,,,0,0,34.61,-118.11,,,,,,
341134595,Tap,3341134595,,,0,0,34.6,-118.06,,,,,,
341134596,Tap,3341134596,,,0,0,34.72,-118.32,,,,,,
341134902,Tap,3341134902,,,0,0,33.9,-118.15,,,,,,
341134986,Neches,3341134986,,,0,0,34.86,-114.65,,,,,,
341135028,Lakeview,3341135028,,,0,0,35.09,-119.1,,,,,,
341135033,Tap,3341135033,,,0,0,35.36,-118.88,,,,,,
341135040,Tap,3341135040,,,0,0,35.13,-118.88,,,,,,
341135044,Tap,3341135044,,,0,0,35.03,-119,,,,,,
341135045,Tap,3341135045,,,0,0,35.02,-119,,,,,,
341135050,Tap,3341135050,,,0,0,35.11,-119.35,,,,,,
341135058,Kelly,3341135058,,,0,0,35.02,-119.06,,,,,,
341135068,Castaic,3341135068,,,0,0,34.88,-118.9,,,,,,
341135103,Tap,3341135103,,,0,0,35.66,-120.01,,,,,,
341135125,Tap,3341135125,,,0,0,35.05,-118.32,,,,,,
341135128,Tap,3341135128,,,0,0,35.04,-118.35,,,,,,
341135132,Tap,3341135132,,,0,0,35.09,-118.29,,,,,,
341135136,Tap,3341135136,,,0,0,35.05,-118.27,,,,,,
341135137,Tap,3341135137,,,0,0,35.04,-118.31,,,,,,
341135141,Tap,3341135141,,,0,0,35.05,-118.32,,,,,,
341135145,Tap,3341135145,,,0,0,34.84,-118.13,,,,,,
341135147,Tap,3341135147,,,0,0,34.86,-118.24,,,,,,
341135151,Tap,3341135151,,,0,0,35.32,-119,,,,,,
341135160,Tap,341135160,,,0,0,36.8,-121.77,,,,,,
341135161,Tap,3341135161,,,0,0,36.76,-121.73,,,,,,
341135164,Tap,3341135164,,,0,0,35.29,-120.71,,,,,,
341135168,Tap,3341135168,,,0,0,36.27,-119.59,,,,,,
341135169,Guernsey,3341135169,,,0,0,36.23,-119.66,,,,,,
341135172,Tap,3341135172,,,0,0,36.23,-119.83,,,,,,
341135175,Tap,3341135175,,,0,0,36.4,-119.64,,,,,,
341135208,Tap,3341135208,,,0,0,35.32,-120.66,,,,,,
341135213,Tap,3341135213,,,0,0,36.78,-121.67,,,,,,
341135216,Tap,3341135216,,,0,0,36.76,-121.61,,,,,,
341135217,Tap,3341135217,,,0,0,36.75,-121.61,,,,,,
341135221,Tap,3341135221,,,0,0,36.62,-121.81,,,,,,
341135223,Tap,3341135223,,,0,0,36.61,-121.82,,,,,,
341135225,Tap,3341135225,,,0,0,36.66,-121.8,,,,,,
341135226,Tap,3341135226,,,0,0,36.66,-121.8,,,,,,
341135229,Tap,3341135229,,,0,0,36.57,-121.76,,,,,,
341135231,Hatton,3341135231,,,0,0,36.56,-121.9,,,,,,
341135241,Tap,3341135241,,,0,0,36.65,-121.64,,,,,,
341135242,Buena Vista,3341135242,,,0,0,36.65,-121.63,,,,,,
341135244,Tap,3341135244,,,0,0,36.67,-121.63,,,,,,
341135247,Tap,3341135247,,,0,0,36.62,-121.58,,,,,,
341135249,Tap,3341135249,,,0,0,36.63,-121.54,,,,,,
341135253,Tap,3341135253,,,0,0,36.51,-121.45,,,,,,
341135256,Tap,3341135256,,,0,0,36.52,-121.47,,,,,,
341135257,Tap,3341135257,,,0,0,36.48,-121.41,,,,,,
341135262,Tap,3341135262,,,0,0,36.37,-121.29,,,,,,
341135265,Tap,3341135265,,,0,0,36.38,-121.26,,,,,,
341135270,Tap,3341135270,,,0,0,36.26,-121.18,,,,,,
341135272,Tap,3341135272,,,0,0,36.21,-121.17,,,,,,
341135273,Tap,3341135273,,,0,0,36.26,-121.15,,,,,,
341135275,Tap,3341135275,,,0,0,36.1,-120.98,,,,,,
341135278,Tap,3341135278,,,0,0,35.96,-120.85,,,,,,
341135279,Tap,3341135279,,,0,0,35.99,-120.9,,,,,,
341135287,Tap,3341135287,,,0,0,34.67,-120.45,,,,,,
341135288,Tap,3341135288,,,0,0,34.66,-120.45,,,,,,
341135300,Tap,3341135300,,,0,0,35.74,-120,,,,,,
341135444,Tap,3341135444,,,0,0,36.53,-120.13,,,,,,
341135481,Tap,3341135481,,,0,0,37.42,-121.19,,,,,,
341135500,Tap,3341135500,,,0,0,36.66,-120.1,,,,,,
341135513,Tap,3341135513,,,0,0,37.1,-119.69,,,,,,
341135521,Tap,3341135521,PG AND E,Conf Load (N. Valley),1,18,36.45,-119.9,310,83,2.4,0.22,62.82,-171.23
341135531,Tap,3341135531,,,0,0,36.72,-120.39,,,,,,
341135536,Tap,3341135536,,,0,0,36.62,-120.34,,,,,,
341135537,Tap,3341135537,,,0,0,36.62,-120.33,,,,,,
341135539,Tap,3341135539,,,0,0,36.63,-120.16,,,,,,
341135551,Tap,3341135551,,,0,0,36.24,-120.34,,,,,,
341135572,Tap,3341135572,,,0,0,37.33,-121.05,,,,,,
341135578,Tap,3341135578,,,0,0,37.52,-120.33,,,,,,
341135605,Limestone,3341135605,,,0,0,38.65,-121.03,,,,,,
341135612,Ione,3341135612,,,0,0,38.37,-120.96,,,,,,
341135614,Tap,3341135614,,,0,0,36.93,-121.76,,,,,,
341135628,Tap,3341135628,,,0,0,37.05,-122.18,,,,,,
341135631,Tap,3341135631,,,0,0,37.32,-122.09,,,,,,
341135633,Tap,3341135633,,,0,0,37.31,-122.09,,,,,,
341135646,Tap,3341135646,,,0,0,37.42,-122.09,,,,,,
341135649,Tap,3341135649,,,0,0,37.29,-121.85,,,,,,
341135670,Tap,3341135670,,,0,0,37.53,-122.36,,,,,,
341135672,Tap,3341135672,,,0,0,37.63,-122.45,,,,,,
341135682,Tap,3341135682,,,0,0,37.5,-122.17,,,,,,
341135685,Tap,3341135685,,,0,0,37.48,-122.17,,,,,,
341135693,Tap,3341135693,,,0,0,37.45,-122.2,,,,,,
341135696,Tap,3341135696,,,0,0,37.7,-121.9,,,,,,
341135697,Radium,3341135697,,,0,0,37.67,-121.86,,,,,,
341135707,Tap,3341135707,,,0,0,37.59,-121.87,,,,,,
341135720,Ellis,3341135720,,,0,0,37.72,-121.55,,,,,,
341135722,Tap,3341135722,,,0,0,37.78,-121.44,,,,,,
341135728,Tap,3341135728,,,0,0,37.69,-121.42,,,,,,
341135735,Tap,3341135735,,,0,0,37.78,-121.3,,,,,,
341135738,Tap,3341135738,,,0,0,37.9,-122.21,,,,,,
341135748,Tap,3341135748,,,0,0,38.03,-122.01,,,,,,
341135750,Tap,3341135750,,,0,0,37.9,-122.52,,,,,,
341135751,Tap,3341135751,,,0,0,38.08,-122.54,,,,,,
341135755,Tap,3341135755,,,0,0,37.9,-122.52,,,,,,
341135756,Tap,3341135756,,,0,0,37.98,-122.51,,,,,,
341135757,Tap,3341135757,,,0,0,38.06,-122.53,,,,,,
341135760,Tap,3341135760,,,0,0,38.12,-122.63,,,,,,
341135764,Tap,3341135764,,,0,0,38.04,-122.79,,,,,,
341135769,Tap,3341135769,,,0,0,38.03,-122.16,,,,,,
341135780,Tap,3341135780,,,0,0,38.03,-121.95,,,,,,
341135782,Tap,3341135782,,,0,0,38.02,-121.91,,,,,,
341135799,Tap,3341135799,,,0,0,37.93,-121.61,,,,,,
341135800,Tap,3341135800,,,0,0,37.93,-121.64,,,,,,
341135801,Tap,3341135801,,,0,0,37.94,-121.68,,,,,,
341135809,Tap,3341135809,,,0,0,37.79,-121.25,,,,,,
341135817,Country Club,3341135817,,,0,0,37.98,-121.32,,,,,,
341135825,Tap,3341135825,,,0,0,38.04,-121.29,,,,,,
341135829,Tap,3341135829,,,0,0,38.06,-121.21,,,,,,
341135831,Tap,3341135831,,,0,0,38.02,-121.29,,,,,,
341135838,Tap,3341135838,,,0,0,37.99,-121.19,,,,,,
341135840,Tap,3341135840,,,0,0,37.96,-121.33,,,,,,
341135854,Tap,3341135854,,,0,0,37.99,-121.35,,,,,,
341135858,Tap,3341135858,,,0,0,37.88,-121.3,,,,,,
341135860,Tap,3341135860,,,0,0,37.97,-121.19,,,,,,
341135866,Tap,3341135866,,,0,0,38.19,-121.26,,,,,,
341135867,Tap,3341135867,,,0,0,38.19,-121.41,,,,,,
341135868,Tap,3341135868,,,0,0,38.11,-121.37,,,,,,
341135870,Tap,3341135870,,,0,0,38.03,-121.86,,,,,,
341135871,Tap,3341135871,,,0,0,38.02,-121.85,,,,,,
341135873,Tap,3341135873,,,0,0,38.4,-121.96,,,,,,
341135874,Tap,3341135874,,,0,0,38.4,-121.96,,,,,,
341135875,Tap,3341135875,,,0,0,38.53,-121.75,,,,,,
341135879,Tap,3341135879,,,0,0,38.3,-121.95,,,,,,
341135900,Tap,3341135900,,,0,0,37.67,-120.44,,,,,,
341135907,Tap,3341135907,,,0,0,37.55,-120.77,,,,,,
341135915,Tap,3341135915,,,0,0,37.65,-120.47,,,,,,
341135931,Tap,3341135931,,,0,0,37.64,-121.04,,,,,,
341135936,Tap,3341135936,,,0,0,37.67,-121,,,,,,
341136450,Tap,3341136450,,,0,0,37.64,-120.92,,,,,,
341136457,Tap,3341136457,,,0,0,38.1,-121.26,,,,,,
341136458,Tap,3341136458,,,0,0,38.43,-120.57,,,,,,
341136461,Tap,3341136461,,,0,0,38.16,-120.85,,,,,,
341136464,Tap,3341136464,,,0,0,38.07,-122.2,,,,,,
341136467,Tap,3341136467,,,0,0,38.29,-120.91,,,,,,
341136482,Tap,3341136482,,,0,0,39.1,-123.16,,,,,,
341136489,Tap,3341136489,,,0,0,39.06,-123.44,,,,,,
341136505,Sub341136505,Sub341136505,,,0,0,,,,,,,,
341136514,Tap,3341136514,,,0,0,39.75,-121.92,,,,,,
341136516,Tap,3341136516,,,0,0,39.15,-121.94,,,,,,
341136522,Tap,3341136522,,,0,0,39.51,-121.54,,,,,,
341136523,Tap,3341136523,,,0,0,39.49,-121.54,,,,,,
341136528,Tap,3341136528,,,0,0,39.57,-121.61,,,,,,
341136536,Tap,3341136536,,,0,0,39.27,-121.66,,,,,,
341136543,Tap,3341136543,,,0,0,39.55,-121.69,,,,,,
341136562,Tap,3341136562,,,0,0,39.21,-121.3,,,,,,
341136563,Tap,3341136563,,,0,0,39.21,-121.3,,,,,,
341136566,Tap,3341136566,,,0,0,39.03,-121.29,,,,,,
341136569,Tap,3341136569,,,0,0,39.11,-121.33,,,,,,
341136571,Tap,3341136571,,,0,0,39.01,-121.42,,,,,,
341136572,Tap,3341136572,,,0,0,39.01,-121.42,,,,,,
341136573,Tap,3341136573,,,0,0,39.1,-121.34,,,,,,
341136574,Tap,3341136574,,,0,0,39.11,-121.33,,,,,,
341136592,Tap,3341136592,,,0,0,39.13,-120.96,,,,,,
341136596,Tap,3341136596,,,0,0,39.15,-120.9,,,,,,
341136604,Tap,3341136604,,,0,0,39.31,-120.56,,,,,,
341136643,Tap,3341136643,,,0,0,38.87,-123.59,,,,,,
341136650,Tap,3341136650,,,0,0,38.47,-123.13,,,,,,
341136653,Tap,3341136653,,,0,0,38.5,-122.89,,,,,,
341136656,Tap,3341136656,,,0,0,38.48,-122.85,,,,,,
341136665,Tap,3341136665,,,0,0,38.23,-122.61,,,,,,
341136666,Tap,3341136666,,,0,0,38.24,-122.64,,,,,,
341136667,Tap,3341136667,,,0,0,38.61,-122.85,,,,,,
341136675,Tap,3341136675,,,0,0,38.8,-122.99,,,,,,
341136679,Tap,3341136679,,,0,0,38.26,-122.27,,,,,,
341136683,Tap,3341136683,,,0,0,38.25,-122.26,,,,,,
341136684,Tap,3341136684,,,0,0,38.25,-122.26,,,,,,
341136685,Tap,3341136685,,,0,0,38.25,-122.27,,,,,,
341136688,Tap,3341136688,,,0,0,38.64,-121.79,,,,,,
341136690,Tap,3341136690,,,0,0,38.5,-122.46,,,,,,
341136693,Tap,3341136693,,,0,0,38.92,-121.52,,,,,,
341136694,Tap,3341136694,,,0,0,38.8,-121.63,,,,,,
341136695,Tap,3341136695,,,0,0,38.8,-121.63,,,,,,
341136702,Tap,3341136702,,,0,0,39.01,-121.89,,,,,,
341136704,Tap,3341136704,,,0,0,39.03,-122.06,,,,,,
341136751,Tap,3341136751,,,0,0,38.92,-121.06,,,,,,
341136769,Tap,3341136769,,,0,0,40.59,-122.31,,,,,,
341136787,Tap,3341136787,,,0,0,41.76,-124.16,,,,,,
341136789,Tap,3341136789,,,0,0,41.85,-124.14,,,,,,
341136790,Tap,3341136790,,,0,0,40.76,-124.14,,,,,,
341136791,Tap,3341136791,,,0,0,40.78,-124.14,,,,,,
341136804,Tap,3341136804,,,0,0,40.85,-124.08,,,,,,
341136805,Tap,3341136805,,,0,0,40.83,-124.18,,,,,,
341136810,Tap,3341136810,,,0,0,40.85,-124.08,,,,,,
341136811,Tap,3341136811,,,0,0,40.89,-124.05,,,,,,
341136813,Tap,3341136813,,,0,0,40.91,-124.03,,,,,,
341136814,Tap,3341136814,,,0,0,40.9,-123.99,,,,,,
341136825,Tom Creek,3341136825,,,0,0,42.03,-122.18,,,,,,
341136828,COB Energy Facility,3341136828,NORTHWEST,PAC:KFAL,3,500,42.2,-121.78,99.6,-5.93,,,140.79,204.26
341136831,Copco 1,3341136831,NORTHWEST,PAC:KFAL,1,230,41.98,-122.34,,,,,82.63,19.34
341136839,Tap,3341136839,,,0,0,40.27,-123.77,,,,,,
341136840,Fruitland,3341136840,,,0,0,40.29,-123.84,,,,,,
341136843,Tap,3341136843,,,0,0,40.2,-123.71,,,,,,
341136860,Tap,3341136860,,,0,0,40.07,-122.23,,,,,,
341136913,Border,3341136913,,,0,0,32.57,-116.94,,,,,,
342617338,Tap,3342617338,,,0,0,46.98,-110.09,,,,,,
342617339,Utica Pump,3342617339,,,0,0,46.98,-110.07,,,,,,
342617340,Raynesford Pump,3342617340,,,0,0,47.27,-110.66,,,,,,
342617401,Utica Rural,3342617401,,,0,0,46.98,-110.08,,,,,,
342617456,Straw Express Pipeline,3342617456,,,0,0,46.88,-109.79,,,,,,
342617458,Taft Auto,3342617458,,,0,0,47.4,-115.58,,,,,,
342617467,Sheridan Auto,3342617467,,,0,0,45.39,-112.13,,,,,,
342617475,Craig,3342617475,,,0,0,47.13,-111.96,,,,,,
342617476,Canyon Creek,3342617476,,,0,0,46.81,-112.25,,,,,,
342617477,Tap,3342617477,,,0,0,46.39,-111.59,,,,,,
342617478,Continental Lime,3342617478,,,0,0,46.36,-111.62,,,,,,
342617483,Tap,3342617483,,,0,0,45.98,-112.48,,,,,,
342617484,Tap,3342617484,,,0,0,45.98,-112.47,,,,,,
342617486,Basin,3342617486,,,0,0,46.05,-112.46,,,,,,
342617487,Montana Tunnels,3342617487,,,0,0,46.48,-112.03,,,,,,
342617491,Dixon,3342617491,NORTHWEST,Western Montana,1,230,47.35,-114.32,,,21,6.9,,
342617492,Tap,3342617492,,,0,0,46.67,-111.87,,,,,,
342617494,Helena Valley,3342617494,,,0,0,46.66,-112.07,,,,,,
342617495,Tap,3342617495,,,0,0,46.67,-112.02,,,,,,
342617523,Thompson Falls Pump,3342617523,,,0,0,47.59,-115.3,,,,,,
342617541,Ramsey Pump,3342617541,,,0,0,46.04,-112.66,,,,,,
342617542,Fairmont,3342617542,,,0,0,46.08,-112.77,,,,,,
342617558,Dummond Clark Fork,3342617558,,,0,0,46.7,-113.31,,,,,,
342617582,Tap,3342617582,,,0,0,46.62,-113.08,,,,,,
342617588,Trout Creek,3342617588,NORTHWEST,"Spokane Area, N Idaho, W Montana",1,230,47.82,-115.58,,,2.1,0.7,,
342617589,Asimi,3342617589,,,0,0,46.05,-112.82,,,,,,
342617605,Absarokee,3342617605,,,0,0,45.49,-109.44,,,,,,
342617608,Johnson Lane,3342617608,,,0,0,45.79,-108.41,,,,,,
342617611,Edgar Express Pipeline,3342617611,,,0,0,45.49,-108.81,,,,,,
342617659,Absarokee REA,3342617659,,,0,0,45.49,-109.43,,,,,,
342617857,Billings Beartooth Pipeline,3342617857,,,0,0,45.79,-108.49,,,,,,
342618079,Franklin,3342618079,,,0,0,42.09,-111.83,,,,,,
342618139,Bonneville,3342618139,,,0,0,43.55,-112.29,,,,,,
342618209,Freemont,3342618209,,,0,0,42.83,-112.55,,,,,,
342618212,Tap,3342618212,,,0,0,43.03,-112.48,,,,,,
342618213,Lamb,3342618213,,,0,0,42.72,-113.02,,,,,,
342618244,Haven,3342618244,,,0,0,43.23,-112.82,,,,,,
342618263,Border,3342618263,,,0,0,42.02,-114.67,,,,,,
342618340,Eagle Rock,3342618340,,,0,0,43.42,-112.19,,,,,,
342618414,Green Timber Tap,3342618414,,,0,0,44.03,-111.43,,,,,,
342618419,Kramer,3342618419,,,0,0,42.78,-112.87,,,,,,
349559131,Basilone,3349559131,,,0,0,33.39,-117.5,,,,,,
349559198,Tap,3349559198,,,0,0,37.59,-122.42,,,,,,
349559246,Tap,3349559246,,,0,0,34.13,-117.33,,,,,,
349559300,Tap,3349559300,,,0,0,36.21,-118.01,,,,,,
349559305,Tap,3349559305,,,0,0,35.7,-117.4,,,,,,
349559306,Tap,3349559306,,,0,0,34.64,-117.17,,,,,,
349559311,Tap,3349559311,,,0,0,33.94,-116.56,,,,,,
349559333,Tap,3349559333,,,0,0,38.58,-121.56,,,,,,
349559496,Tap,3349559496,,,0,0,34.47,-117.23,,,,,,
349559595,Tap,3349559595,,,0,0,40.69,-111.92,,,,,,
349559625,Meadowbrook,3349559625,,,0,0,40.67,-111.92,,,,,,
349559743,Gateway,3349559743,,,0,0,37.23,-113.36,,,,,,
349559756,Enterprise,3349559756,,,0,0,37.61,-113.66,,,,,,
349559793,Ponderosa,3349559793,,,0,0,38.26,-112.49,,,,,,
349559832,Columbia,3349559832,,,0,0,39.52,-110.39,,,,,,
349559862,Clinton,3349559862,,,0,0,41.13,-112.06,,,,,,
349560026,Rail Track (evi),3349560026,,,0,0,40.05,-111.65,,,,,,
349560027,Hospital (evi),3349560027,,,0,0,40.07,-111.58,,,,,,
349560060,Jordan,3349560060,,,0,0,40.91,-111.84,,,,,,
349560092,Proler,3349560092,,,0,0,40.56,-112.07,,,,,,
349560118,Highland,3349560118,,,0,0,40.43,-111.79,,,,,,
349560172,Tap,3349560172,,,0,0,41.1,-111.99,,,,,,
349560322,Horseshoe,3349560322,,,0,0,40.73,-112.61,,,,,,
349560328,Tap,3349560328,,,0,0,40.79,-112.73,,,,,,
349560371,Mapleton,3349560371,,,0,0,40.15,-111.58,,,,,,
349560482,Hycroft Mine Expansion,3349560482,,,0,0,40.85,-118.7,,,,,,
349560502,Tap,3349560502,,,0,0,40.39,-117.08,,,,,,
349560589,Tap,3349560589,,,0,0,39.52,-118.89,,,,,,
349560620,Mcdermitt,3349560620,,,0,0,42.01,-117.66,,,,,,
349560621,Tap,3349560621,,,0,0,40.68,-117.23,,,,,,
349560821,Glendale,3349560821,,,0,0,33.54,-112.19,,,,,,
349561002,Windhub,3349561002,,,0,0,35.03,-118.28,,,,,,
349561004,Cottonwind,3349561004,,,0,0,34.9,-118.47,,,,,,
349561005,Whirlwind,3349561005,,,0,0,34.84,-118.43,,,,,,
349561021,Pacific Wind,3349561021,,,0,0,35.06,-118.32,,,,,,
349561028,Shepherds Flat Wind Farm,3349561028,NORTHWEST,Lower Columbia Basin,4,230,45.77,-120.05,,,,,0.02,46.27
349561030,Marengo Wind Project,3349561030,NORTHWEST,PAC:WALA,3,230,46.34,-117.94,,,,,0,8.27
350947806,Del Norte,3350947806,,,0,0,37.68,-106.36,,,,,,
350947810,Tap,3350947810,,,0,0,37.71,-105.99,,,,,,
352749438,New Castle,3352749438,,,0,0,39.56,-107.52,,,,,,
352749444,Union Oil,3352749444,,,0,0,39.62,-108.11,,,,,,
352749453,Tap,3352749453,,,0,0,38.7,-107.91,,,,,,
352749483,Tap,3352749483,,,0,0,38.48,-106.09,,,,,,
352749492,Center,3352749492,,,0,0,37.72,-106.13,,,,,,
352749497,Carmel,3352749497,,,0,0,37.39,-106.04,,,,,,
352749581,Cheney,3352749581,,,0,0,37.78,-102.15,,,,,,
352749587,Tap,3352749587,,,0,0,38.03,-102.28,,,,,,
352749757,Aspen,3352749757,,,0,0,35.1,-106.67,,,,,,
352749795,Hot Springs,3352749795,,,0,0,33.14,-107.26,,,,,,
352749834,Glendale,3352749834,,,0,0,42.75,-123.41,,,,,,
352749841,Tap,3352749841,,,0,0,43.3,-123.1,,,,,,
352749856,McKenzie,3352749856,NORTHWEST,"Eugene, OR",2,230,44.09,-123.04,,,,,112.86,-131.58
352749867,Cove,3352749867,,,0,0,44.61,-121.24,,,,,,
352749884,Trail,3352749884,,,0,0,42.65,-122.81,,,,,,
352749940,Bethel,3352749940,,,0,0,44.08,-123.13,,,,,,
352749942,Monroe,3352749942,,,0,0,44.02,-123.1,,,,,,
352749943,Jefferson,3352749943,,,0,0,44.03,-123.1,,,,,,
352749973,Hurricane,3352749973,NORTHWEST,PAC:ENTR,1,230,45.43,-117.3,,,,,-111.78,-8.33
352749979,LaGrande,3352749979,NORTHWEST,Southeast Washington,1,230,45.34,-118.03,,,,,93.98,-5.23
352750003,Freewater,3352750003,,,0,0,45.97,-118.45,,,,,,
352750029,Harmony,3352750029,,,0,0,45.43,-122.6,,,,,,
352750044,Meridian,3352750044,,,0,0,45.38,-122.74,,,,,,
352750053,Ruby,3352750053,,,0,0,45.52,-122.46,,,,,,
352750057,Fairview,3352750057,,,0,0,45.53,-122.43,,,,,,
352750065,Midway,3352750065,,,0,0,45.5,-122.52,,,,,,
352750086,Columbia,3352750086,,,0,0,45.58,-122.67,,,,,,
352750092,Curtis,3352750092,,,0,0,45.59,-122.7,,,,,,
352750099,Holgate,3352750099,,,0,0,45.49,-122.64,,,,,,
352750116,River Road,3352750116,NORTHWEST,"Clark County, WA",1,18,45.62,-122.7,250,24.62,4.2,30.2,94.62,-28.4
352750170,Harorton,3352750170,NORTHWEST,Portland General - BES S/S,1,230,45.62,-122.8,,,,,,
352750182,Murryhill,3352750182,NORTHWEST,Portland General - BES S/S,1,230,45.44,-122.83,,,,,206.01,6.19
352750211,Sunset,3352750211,NORTHWEST,Portland General - BES S/S,1,230,45.55,-122.92,,,,,235.8,15.08
352750245,Wren,3352750245,NORTHWEST,Western Oregon,1,230,44.59,-123.51,,,21.8,7.2,,
352750288,Liberty,3352750288,,,0,0,44.9,-123.01,,,,,,
352750355,Manzana Wind Project,3352750355,,,0,0,35.29,-118.9,,,,,,
352750394,Golden Hills Wind Farm,3352750394,NORTHWEST,Lower Columbia Basin,1,230,45.59,-120.7,,,,,0,5.09
352750395,Goodnoe Hills East,3352750395,NORTHWEST,Lower Columbia Basin,3,230,45.83,-120.74,246.5,-59.16,,,18.25,-8.72
352750423,Mamquam River,3352750423,,,0,0,49.7,-123.15,,,,,,
353097497,Frederickson (PSPL),3353097497,NORTHWEST,"Seattle Area, Olympic Peninsula",6,230,47.08,-122.36,411.4,-63.51,,,268.02,-44.96
353097505,Tap,3353097505,,,0,0,45.64,-122.53,,,,,,
353097562,Tap,3353097562,,,0,0,45.65,-122.56,,,,,,
353097567,Tap,3353097567,,,0,0,45.68,-122.6,,,,,,
353097579,Tap,3353097579,,,0,0,45.68,-122.51,,,,,,
353097593,Evergreen,3353097593,,,0,0,45.65,-122.53,,,,,,
353097684,Glenoma,3353097684,NORTHWEST,"Seattle Area, Olympic Peninsula",1,230,46.52,-122.14,,,,,9.09,-8.42
353097687,Evergreen,3353097687,,,0,0,47.67,-122.13,,,,,,
353097704,Center,3353097704,,,0,0,47.61,-122.19,,,,,,
353097717,Long Lake,3353097717,,,0,0,47.53,-122.54,,,,,,
353097724,Clark,3353097724,,,0,0,45.85,-122.65,,,,,,
353097738,Irondale,3353097738,,,0,0,48.09,-122.78,,,,,,
353097743,Discovery Bay,3353097743,,,0,0,47.98,-122.89,,,,,,
353097759,Kent,3353097759,,,0,0,47.38,-122.24,,,,,,
353097783,Green Mountain,3353097783,,,0,0,46.33,-122.56,,,,,,
353097789,Napavine,3353097789,NORTHWEST,"Seattle Area, Olympic Peninsula",4,500,46.63,-122.72,512.8,119.92,10,4,-0.16,6.8
353097805,Berrydale,3353097805,NORTHWEST,S.KING,1,230,47.35,-122.18,,,,,258.34,-47.84
353097832,Mountain,3353097832,,,0,0,47.05,-122.31,,,,,,
353097861,Buckley,3353097861,,,0,0,47.18,-122,,,,,,
353097960,Clinton,3353097960,,,0,0,46.59,-120.53,,,,,,
353098003,Tap,3353098003,NORTHWEST,"Spokane Area, N Idaho, W Montana",1,230,47.88,-117.44,,,,,,
353098026,North West,3353098026,,,0,0,47.72,-117.48,,,,,,
353098042,Hopkins,3353098042,,,0,0,47.59,-117.26,,,,,,
353098069,Hanna,3353098069,,,0,0,47.36,-120.16,,,,,,
353098074,Tap,3353098074,NORTHWEST,Central Washington,1,230,47.42,-120.26,,,,,29.45,-6.18
353098079,Entiat Valley,3353098079,,,0,0,47.6,-120.3,,,,,,
353098111,Mission,3353098111,,,0,0,47.5,-120.61,,,,,,
353098122,Sieler,3353098122,NORTHWEST,"Grant County, WA",1,230,47.17,-119.16,,,46.06,8.6,,
353098139,Upper Coulee,3353098139,NORTHWEST,"Grant County, WA",1,230,47.22,-119.16,,,50.82,20.87,,
353098144,Cascade,3353098144,,,0,0,47.19,-120.99,,,,,,
353098148,Taunton,3353098148,,,0,0,46.8,-119.34,,,,,,
353098165,Rathdrum Power LLC,3353098165,NORTHWEST,AVA: Coeur D'Alene,1,230,47.79,-116.92,,,,,219.46,50.63
353098171,Black,3353098171,NORTHWEST,"Grant County, WA",2,230,46.95,-119.62,,,1.11,0.16,,
353098173,Ancient Lake,3353098173,NORTHWEST,"Grant County, WA",2,230,47.12,-119.93,,,,,44.99,-10.35
353098178,Mac Valley,3353098178,NORTHWEST,"Grant County, WA",2,230,47.19,-119.44,,,14.31,0.64,,
353098186,McKenzic,3353098186,NORTHWEST,Central Washington,2,230,47.34,-120.1,,,,,562.07,167.63
353098192,Miller,3353098192,,,0,0,47.42,-120.33,,,,,,
356867236,Lawrence,3356867236,,,0,0,35.07,-106.49,,,,,,
356867241,Studio,3356867241,,,0,0,34.99,-106.61,,,,,,
356867267,Newell,3356867267,,,0,0,35.03,-106.66,,,,,,
356867285,Jefferson,3356867285,,,0,0,35.18,-106.6,,,,,,
356867288,Mission,3356867288,,,0,0,35.14,-106.61,,,,,,
356867300,Glade,3356867300,,,0,0,36.91,-108.08,,,,,,
356868812,Windy Point/Tuolumne,3356868812,NORTHWEST,Lower Columbia Basin,3,230,45.76,-120.71,,,,,0.01,17.5
356868851,Alta Wind (I-V) (CPC East & West) (evi),3356868851,,,0,0,35.29,-118.9,,,,,,
360294798,Tap,3360294798,,,0,0,32.23,-110.98,,,,,,
360294926,Tap,3360294926,,,0,0,35.17,-119.43,,,,,,
360294956,Tap,3360294956,,,0,0,36.72,-120.64,,,,,,
360295025,Cameron Ridge Wind Project,3360295025,,,0,0,35.07,-118.38,,,,,,
360295040,Coram Energy Group Ltd,3360295040,,,0,0,35.08,-118.33,,,,,,
360295102,Tap,3360295102,,,0,0,33.63,-116.18,,,,,,
360295145,Tap,3360295145,,,0,0,40.73,-122.8,,,,,,
360295272,The Saddleback Mountain Project,3360295272,,,0,0,45.75,-121.57,,,,,,
360295329,Marsh Landing Generating Station,3360295329,,,0,0,38.02,-121.76,,,,,,
365669892,Lightning Dock,3365669892,,,0,0,32.14,-108.96,,,,,,
368717470,Neal Road Landfill/Ameresco,3368717470,,,0,0,39.67,-121.73,,,,,,
400130901,Canyonville (evi),4.00131E+12,,,0,0,42.94,-123.28,,,,,,
400290905,Thornton (evi),4.00291E+12,,,0,0,47.16,-117.35,,,,,,
400300901,Chimacum (evi),4.00301E+12,,,0,0,48.01,-122.77,,,,,,
400300915,Blackburn (evi),4.00301E+12,,,0,0,48.41,-122.33,,,,,,
400300920,Mount Si (evi),4.00301E+12,,,0,0,47.53,-121.86,,,,,,
400350920,Rocky Ford (evi),4.00351E+12,,,0,0,47.26,-119.45,,,,,,
400350930,Geneva (evi),4.00351E+12,,,0,0,46.74,-119.91,,,,,,
400360905,Crum Canyon (evi),4.00361E+12,,,0,0,47.71,-120.33,,,,,,
400370901,Day Mt. Spokane (evi),4.00371E+12,,,0,0,47.81,-117.33,,,,,,
400380901,Canyon Rd-Tacoma (evi),4.00381E+12,NORTHWEST,Tacoma Power - General,1,230,47.1,-122.36,,,,,115.38,-42.58
500100901,Unknown (evi) - ESA,5.00101E+12,,,0,0,55.75,-120.37,,,,,,
500100940,Buckley Bay (evi) - BKB,5.00101E+12,,,0,0,49.55,-124.88,,,,,,
500100950,Wellington (evi) - WLN/SWN,5.00101E+12,,,0,0,49.08,-123.91,,,,,,
500100980,Bob Quinn (evi) - BQN,5.00101E+12,,,0,0,56.95,-130.31,,,,,,
500100985,Unknown (evi) - RCM,5.00101E+12,,,0,0,57.43,-129.82,,,,,,
500100990,Mount Pleasant (evi) - MPT,5.00101E+12,,,0,0,49.27,-123.11,,,,,,
500101000,Harewood (evi) - HWD,5.00101E+12,,,0,0,49.14,-123.93,,,,,,
500101010,Harewood West (evi) - HWW,5.00101E+12,,,0,0,49.12,-123.95,,,,,,
500101130,Stlixwim (evi) - STX,5.00101E+12,,,0,0,49.73,-123.94,,,,,,
500101135,Chickwat (evi) - CKW,5.00101E+12,,,0,0,49.73,-123.94,,,,,,
500101140,Bear Mountain Terminal/Wind-BMT/BMW (evi),5.00101E+12,,,0,0,55.76,-120.5,,,,,,
500101145,Complimentary Creek (evi) - CCC,5.00101E+12,,,0,0,49.73,-123.94,,,,,,
500101150,Upper Ramona Creek (evi) - RMU,5.00101E+12,,,0,0,49.73,-123.94,,,,,,
500101155,Lower Ramona Creek (evi) - RML,5.00101E+12,,,0,0,49.73,-123.94,,,,,,
500101160,Skookum Creek (evi) - SKO,5.00101E+12,,,0,0,49.78,-123.33,,,,,,
500101165,Culliton Creek (evi) - CTN,5.00101E+12,,,0,0,49.77,-123.06,,,,,,
500101170,Nexen (evi) - NEX,5.00101E+12,,,0,0,49.14,-123.87,,,,,,
500101175,Bear Creek (evi) - BRK/BHU/BHL,5.00101E+12,,,0,0,49.77,-123.64,,,,,,
500101180,Unknown (evi) - UCH/LCH,5.00101E+12,,,0,0,49.81,-123.44,,,,,,
500101185,Unknown (evi) - SEP,5.00101E+12,,,0,0,56.04,-120.81,,,,,,
500101190,Unknown (evi) - NL5,5.00101E+12,,,0,0,55.63,-120.43,,,,,,
500101195,Unknown (evi) - NL3,5.00101E+12,,,0,0,55.61,-120.39,,,,,,
500101200,Unknown (evi) - NL2,5.00101E+12,,,0,0,55.62,-120.3,,,,,,
500101205,"Chu Molybdenum Project, TTM Ltd (evi) - TTM",5.00101E+12,,,0,0,53.3,-124.54,,,,,,
540760900,AIES temp (evi),5.40761E+12,,,0,0,52.68,-112.76,,,,,,
540760910,Arcenciel (evi),5.40761E+12,,,0,0,58.41,-119.28,,,,,,
540760920,Black Fly (evi),5.40761E+12,,,0,0,57.19,-111.03,,,,,,
540760960,Fidler (evi),5.40761E+12,,,0,0,49.58,-113.84,,,,,,
540760965,Tucuman (evi),5.40761E+12,,,0,0,52.65,-111.26,,,,,,
540760973,Sub D (evi),5.40761E+12,,,0,0,49.67,-111.36,,,,,,
540760990,Excel (evi),5.40761E+12,,,0,0,51.42,-110.52,,,,,,
540761005,Summerside (evi),5.40761E+12,,,0,0,53.44,-113.46,,,,,,
540761015,Sylvan Lake (evi),5.40761E+12,,,0,0,52.3,-114.1,,,,,,
540761020,Loyalist (evi),5.40761E+12,,,0,0,51.93,-110.62,,,,,,
540761030,Mahihkan (evi),5.40761E+12,,,0,0,54.63,-110.55,,,,,,
540761055,Leduc (evi),5.40761E+12,,,0,0,53.24,-113.59,,,,,,
540761115,Beartrap (evi),5.40761E+12,,,0,0,54.2,-110.5,,,,,,
540761120,Sunnybrook (evi),5.40761E+12,,,0,0,53.19,-114.2,,,,,,
540761125,Hull (evi),5.40761E+12,,,0,0,49.99,-112.13,,,,,,
540761135,Germain (evi),5.40761E+12,,,0,0,55.89,-112.79,,,,,,
620010910,Haylake Wind (evi),6.20011E+12,,,0,0,48.6,-112.33,,,,,,
620780920,Big Sky/Meadow Village (evi),6.20781E+12,,,0,0,45.28,-111.37,,,,,,
650070985,Threemile Knoll (evi) - 3MIKNOLL,6.50071E+12,,,0,0,42.69,-111.6,,,,,,
650070990,Chimney Butte (evi),6.50071E+12,,,0,0,42.51,-110.13,,,,,,
650080901,Anticline (evi),6.50081E+12,,,0,0,37.18,-113.42,,,,,,
650080905,Spanish Fork Argyle (evi),6.50081E+12,,,0,0,40.11,-111.66,,,,,,
650080910,Spanish Fork Whitehead (evi),6.50081E+12,,,0,0,40.14,-111.65,,,,,,
650080915,Spanish Fork Woodhouse (evi),6.50081E+12,,,0,0,40.13,-111.64,,,,,,
650080920,Spanish Fork Industrial (evi),6.50081E+12,,,0,0,40.12,-111.66,,,,,,
650080925,Spanish Fork North (evi),6.50081E+12,,,0,0,40.15,-111.66,,,,,,
650080930,Calvin J. Baxter (evi),6.50081E+12,,,0,0,40.14,-111.61,,,,,,
650080935,Nestle-Stouffers (evi),6.50081E+12,,,0,0,40.19,-111.62,,,,,,
650080940,Compound (evi),6.50081E+12,,,0,0,40.16,-111.59,,,,,,
650080945,Knight (evi) - PACE,6.50081E+12,,,0,0,40.16,-111.62,,,,,,
650080950,900 N 300 W (evi),6.50081E+12,,,0,0,40.18,-111.62,,,,,,
650080955,Hobble Creek (evi),6.50081E+12,,,0,0,40.18,-111.61,,,,,,
650080960,Arrowhead (evi),6.50081E+12,,,0,0,40.09,-111.66,,,,,,
650080965,Sorensen (evi),6.50081E+12,,,0,0,40.11,-111.73,,,,,,
700650935,Brantner (evi),7.00651E+12,,,0,0,39.91,-104.9,,,,,,
700730915,Fairground (evi),7.00731E+12,,,0,0,40.02,-104.76,,,,,,
730260915,Granby (evi),7.30261E+12,,,0,0,40.14,-105.89,,,,,,
730731015,Burdett 115kV Delivery Point (evi),7.30731E+12,,,0,0,40.3,-102.91,,,,,,
730731020,Olive Creek 115kV Delivery Point (evi),7.30731E+12,,,0,0,40.03,-102.22,,,,,,
730930910,Carey (evi),7.30931E+12,,,0,0,40.61,-104.91,,,,,,
